,level_0,index,_date,count,mean,std,min,25%,50%,75%,max,pos,neg,neu,user,month,moving_avg
0,0,0,2020-01-01,2.0,0.18490000000000004,0.8298605184005322,-0.4019,-0.10849999999999999,0.18490000000000004,0.47830000000000006,0.7717,1,1,0.0,biden,1,
1,1,1,2020-01-02,7.0,0.36634285714285714,0.6682347612856399,-0.5719,-0.12315000000000001,0.7269,0.844,0.9677,4,2,1.0,biden,1,
2,2,2,2020-01-03,7.0,-0.4414571428571428,0.4003878322208059,-0.7814,-0.7088,-0.5859,-0.2658,0.2263,0,5,2.0,biden,1,
3,3,3,2020-01-04,5.0,0.14601999999999998,0.62201795150944,-0.7964,0.0,0.128,0.5859,0.8126,2,1,2.0,biden,1,
4,4,4,2020-01-05,3.0,-0.5244333333333334,0.3095993593877955,-0.8768,-0.63865,-0.4005,-0.34825,-0.296,0,2,1.0,biden,1,
5,5,5,2020-01-06,5.0,-0.49408,0.7135285957829581,-0.8922,-0.8639,-0.7721,-0.7184,0.7762,1,4,0.0,biden,1,
6,6,6,2020-01-07,7.0,-0.36051428571428573,0.5689962490461352,-0.765,-0.6577,-0.6549,-0.3286,0.8689,1,5,1.0,biden,1,-0.16046027210884356
7,7,7,2020-01-08,4.0,0.486725,0.550415324247669,-0.3182,0.364975,0.6883,0.81005,0.8885,3,0,1.0,biden,1,-0.11734241496598642
8,8,8,2020-01-09,8.0,0.040612499999999996,0.7710910293445997,-0.8689,-0.78005,0.1586,0.744175,0.9451,4,3,1.0,biden,1,-0.16387532312925174
9,9,9,2020-01-10,4.0,-0.6348,0.4274586373752046,-0.9291,-0.8491500000000001,-0.80505,-0.5907,0.0,0,3,1.0,biden,1,-0.19149573129251704
10,10,10,2020-01-11,6.0,0.7790500000000001,0.14478572788779978,0.5719,0.6839500000000001,0.81935,0.8521500000000001,0.9618,6,0,0.0,biden,1,-0.10106287414965988
11,11,11,2020-01-12,5.0,0.55606,0.42520273752646515,0.0,0.1928,0.85,0.8625,0.875,3,0,2.0,biden,1,0.05329331632653061
12,12,12,2020-01-13,6.0,0.07665000000000001,0.6716895436137145,-0.8176,-0.42450000000000004,0.18065,0.5035000000000001,0.9313,3,2,1.0,biden,1,0.13482617346938777
13,13,13,2020-01-14,7.0,-0.18742857142857144,0.5903825870125398,-0.9201,-0.59155,-0.1779,0.117,0.7351,1,2,4.0,biden,1,0.15955270408163266
14,14,14,2020-01-15,24.0,0.23842499999999997,0.5693818725066073,-0.7906,-0.0813,0.37070000000000003,0.757525,0.9493,13,4,7.0,biden,1,0.12408127551020406
15,15,15,2020-01-16,7.0,0.28071428571428564,0.5414816292007558,-0.8164,0.1902,0.4902,0.55305,0.8047,5,1,1.0,biden,1,0.1583815306122449
16,16,16,2020-01-17,9.0,-0.1652,0.624882638981113,-0.9451,-0.6597,-0.296,0.2023,0.8519,2,3,4.0,biden,1,0.22546724489795916
17,17,17,2020-01-18,5.0,0.21912000000000004,0.7494347383194884,-0.9468,0.0,0.3182,0.8263,0.8979,2,1,2.0,biden,1,0.14547724489795913
18,18,18,2020-01-19,5.0,0.6795199999999999,0.4098249223753968,-0.0516,0.8211,0.8519,0.872,0.9042,4,0,1.0,biden,1,0.16311438775510198
19,19,19,2020-01-20,5.0,0.36724,0.6652434464164227,-0.7684,0.3818,0.5413,0.8126,0.8689,4,1,0.0,biden,1,0.2046272448979591
20,20,20,2020-01-21,11.0,0.2781,0.3861128643285536,-0.296,0.0,0.3182,0.45425000000000004,0.926,5,0,6.0,biden,1,0.27113132653061217
21,21,21,2020-01-22,10.0,0.29058,0.6390387447826097,-0.9161,0.19592500000000002,0.46985,0.767475,0.8555,6,2,2.0,biden,1,0.2785820408163265
22,22,22,2020-01-23,7.0,-0.16341428571428573,0.5838617371392288,-0.902,-0.49905,-0.34,0.125,0.8462,1,3,3.0,biden,1,0.2151351020408163
23,23,23,2020-01-24,8.0,-0.102625,0.6686343048120016,-0.8979,-0.55995,-0.25,0.23497500000000002,0.875,2,4,2.0,biden,1,0.224074387755102
24,24,24,2020-01-25,5.0,0.68468,0.3432571295690739,0.1027,0.6705,0.7964,0.891,0.9628,4,0,1.0,biden,1,0.2905829591836734
25,25,25,2020-01-26,3.0,0.026500000000000006,0.8116370309442515,-0.9022,-0.2602,0.3818,0.49085,0.5999,2,1,0.0,biden,1,0.19729438775510194
26,26,26,2020-01-27,6.0,0.31795,0.6254151988879068,-0.5267,-0.18677500000000002,0.55575,0.745825,0.948,4,2,0.0,biden,1,0.19025295918367338
27,27,27,2020-01-28,6.0,-0.03933333333333334,0.7056129978016751,-0.7783,-0.6381249999999999,-0.12875,0.51735,0.875,2,2,2.0,biden,1,0.1449053401360543
28,28,28,2020-01-29,8.0,0.03828749999999999,0.6945774716380764,-0.8834,-0.42712500000000003,-0.14615,0.775125,0.8834,3,3,2.0,biden,1,0.10886355442176858
29,29,29,2020-01-30,8.0,0.05666249999999998,0.7181663375520028,-0.7096,-0.6134250000000001,-0.019250000000000017,0.7083999999999999,0.9217,4,4,0.0,biden,1,0.14030309523809512
30,30,30,2020-01-31,10.0,0.14327000000000006,0.6071157880595027,-0.6808,-0.43957499999999994,0.25930000000000003,0.673025,0.8779,4,3,3.0,biden,1,0.17543095238095227
31,31,31,2020-02-01,8.0,0.2293625,0.5632776629120972,-0.9287,0.11482500000000001,0.25715,0.500525,0.8979,4,1,3.0,biden,2,0.11038559523809512
32,32,32,2020-02-02,9.0,0.38173333333333326,0.6207213243477301,-0.7669,-0.1027,0.7351,0.8313,0.9446,6,1,2.0,biden,2,0.16113321428571417
33,33,33,2020-02-03,11.0,0.06491818181818183,0.4881978058495999,-0.7845,-0.11685000000000001,0.0,0.273,0.8399,2,2,7.0,biden,2,0.12498581168831158
34,34,34,2020-02-04,10.0,0.24892000000000003,0.530157160765665,-0.6705,0.0,0.2198,0.7539,0.8316,4,2,4.0,biden,2,0.16616485930735922
35,35,35,2020-02-05,7.0,-0.01159999999999999,0.606624875849977,-0.9246,-0.3956,0.0,0.40605,0.8225,2,2,3.0,biden,2,0.15903807359307348
36,36,36,2020-02-06,8.0,0.5889375000000001,0.36788430998849936,-0.25,0.5457000000000001,0.6537,0.8307500000000001,0.9081,7,0,1.0,biden,2,0.2350773593073592
37,37,37,2020-02-07,6.0,-0.3237333333333334,0.44968864636175404,-0.93,-0.6206750000000001,-0.30405,-0.056575,0.296,0,3,3.0,biden,2,0.1683625974025973
38,38,38,2020-02-08,18.0,0.1584888888888889,0.5991867281268826,-0.895,-0.301425,0.25229999999999997,0.63845,0.9134,9,5,4.0,biden,2,0.1582377958152957
39,39,39,2020-02-09,5.0,0.32130000000000003,0.43070323309675773,-0.2023,-0.0516,0.4215,0.6901,0.7488,3,0,2.0,biden,2,0.1496044624819624
40,40,40,2020-02-10,6.0,0.03436666666666669,0.6129705332776337,-0.8225,-0.376725,0.1591,0.35045000000000004,0.8516,2,2,2.0,biden,2,0.14523996031746025
41,41,41,2020-02-11,12.0,0.35990000000000005,0.3432482377628074,-0.296,0.22199999999999998,0.39105,0.5859,0.836,7,0,5.0,biden,2,0.16109424603174596
42,42,42,2020-02-12,11.0,0.3261090909090909,0.4567151704389629,-0.5155,0.0,0.4019,0.74975,0.936,6,1,4.0,biden,2,0.20933840187590183
43,43,43,2020-02-13,10.0,0.1598,0.4427076210974663,-0.4902,0.0,0.0377,0.554925,0.8074,4,2,4.0,biden,2,0.14803304473304466
44,44,44,2020-02-14,8.0,0.24888749999999998,0.709231931513642,-0.8122,-0.155175,0.39135,0.879375,0.942,5,2,1.0,biden,2,0.22983602092352085
45,45,45,2020-02-15,9.0,0.0732888888888889,0.5987272322277575,-0.8415,0.0,0.0,0.5106,0.831,3,2,4.0,biden,2,0.2176645923520923
46,46,46,2020-02-16,6.0,0.44334999999999997,0.6351319036231766,-0.7579,0.34965,0.6832,0.842,0.9182,4,1,1.0,biden,2,0.23510030663780654
47,47,47,2020-02-17,6.0,0.18585,0.507097614863253,-0.6124,0.0,0.1909,0.4631,0.8555,3,1,2.0,biden,2,0.2567407828282827
48,48,48,2020-02-18,10.0,0.0245,0.6138662014912805,-0.9337,-0.38295,0.05135,0.4261,0.891,3,3,4.0,biden,2,0.208826497113997
49,49,49,2020-02-19,7.0,-0.08172857142857144,0.6274014762342789,-0.9493,-0.6198,0.2274,0.38849999999999996,0.6124,2,3,2.0,biden,2,0.15056397392290238
50,50,50,2020-02-20,25.0,0.15554,0.6125592073424413,-0.9729,-0.34,0.4939,0.6369,0.9062,13,5,7.0,biden,2,0.14995540249433098
51,51,51,2020-02-21,16.0,0.3005875,0.5841891381792944,-0.9063,0.0,0.381,0.7977,0.9785,9,2,5.0,biden,2,0.15734111678004528
52,52,52,2020-02-22,10.0,0.20293999999999998,0.5327995040871899,-0.8519,0.0,0.05135,0.689725,0.8312,4,1,5.0,biden,2,0.17586270408163254
53,53,53,2020-02-23,10.0,0.41466000000000003,0.4380819664552894,-0.3252,0.119175,0.5424,0.758675,0.8442,7,0,3.0,biden,2,0.17176413265306115
54,54,54,2020-02-24,7.0,0.12878571428571428,0.5326105563748289,-0.6808,-0.1609,0.0887,0.44365,0.9281,3,1,3.0,biden,2,0.16361209183673459
55,55,55,2020-02-25,7.0,-0.06978571428571433,0.7305030308597208,-0.8316,-0.6977500000000001,-0.296,0.59325,0.8481,3,3,1.0,biden,2,0.15014270408163255
56,56,56,2020-02-26,23.0,0.054373913043478266,0.6276514675702456,-0.9702,-0.47345,0.1027,0.6124,0.9169,10,8,5.0,biden,2,0.1695859161490682
57,57,57,2020-02-27,16.0,0.24996875,0.6085515806336113,-0.8112,-0.18517499999999998,0.4759,0.7791750000000001,0.8481,9,4,3.0,biden,2,0.18307573757763965
58,58,58,2020-02-28,11.0,0.18989090909090908,0.765061630791331,-0.9136,-0.57875,0.4019,0.8767,0.9552,6,4,1.0,biden,2,0.16726193887634094
59,59,59,2020-02-29,11.0,0.2234909090909091,0.5336737513772726,-0.9648,0.2673,0.3802,0.4612,0.8591,6,2,3.0,biden,2,0.1701977830321851
60,60,60,2020-03-01,13.0,0.3175461538461539,0.5301899606357842,-0.7783,0.0,0.4019,0.7644,0.913,7,2,4.0,biden,3,0.15632437643877853
61,61,61,2020-03-02,13.0,0.3525384615384616,0.47172212607717395,-0.34,0.0,0.3182,0.7778,0.9239,6,0,7.0,biden,3,0.18828905461774242
62,62,62,2020-03-03,22.0,0.5254590909090908,0.3755308695181249,-0.4019,0.30424999999999996,0.6772,0.7766500000000001,0.9493,15,1,6.0,biden,3,0.2733240267884289
63,63,63,2020-03-04,27.0,0.4252592592592593,0.28808320013397204,0.0,0.31885,0.4199,0.4496,0.9134,20,0,7.0,biden,3,0.32630764767639764
64,64,64,2020-03-05,8.0,0.49805,0.5386432718281313,-0.4588,0.10417499999999999,0.817,0.8664999999999999,0.9349,5,1,2.0,biden,3,0.36174782624782625
65,65,65,2020-03-06,12.0,0.18245833333333336,0.5234668044669002,-0.9278,-0.074,0.28315,0.625125,0.8625,5,2,5.0,biden,3,0.36068602971102975
66,66,66,2020-03-07,7.0,0.43295714285714293,0.41009508189013455,0.0,0.0,0.6249,0.78735,0.8311,4,0,3.0,biden,3,0.39060977739192027
67,67,67,2020-03-08,8.0,-0.05099999999999999,0.5789124952381466,-0.8885,-0.38885,0.0,0.1728,0.7527,2,2,4.0,biden,3,0.33796032684246974
68,68,68,2020-03-09,11.0,0.21889090909090908,0.6934214684512522,-0.8382,-0.2192,0.0,0.874,0.9523,5,3,3.0,biden,3,0.3188678193499622
69,69,69,2020-03-10,9.0,0.040766666666666646,0.47259853734432994,-0.8176,0.0,0.1027,0.3802,0.5859,3,2,4.0,biden,3,0.2496260444581874
70,70,70,2020-03-11,14.0,0.3210071428571429,0.6152384171563532,-0.8885,0.100475,0.4199,0.790225,0.9451,10,3,1.0,biden,3,0.2347328849721708
71,71,71,2020-03-12,9.0,0.14475555555555555,0.5462131408871246,-0.6344,-0.1779,0.1027,0.5423,0.9633,4,2,3.0,biden,3,0.18426225005153585
72,72,72,2020-03-13,4.0,0.15009999999999998,0.5569106511221826,-0.6124,-0.08065000000000001,0.28665,0.5174,0.6395,2,1,1.0,biden,3,0.17963963100391678
73,73,73,2020-03-14,6.0,-0.15436666666666668,0.42752058507943996,-0.6124,-0.49445,-0.15445,0.01935,0.5256,1,2,3.0,biden,3,0.09573622964337254
74,74,74,2020-03-15,10.0,0.47848000000000007,0.41278273219697553,-0.2732,0.214225,0.49205,0.8480749999999999,0.9393,5,0,5.0,biden,3,0.17137622964337254
75,75,75,2020-03-16,27.0,0.10333703703703703,0.5617563194318801,-0.9169,-0.0577,0.0516,0.4767,0.9524,10,6,11.0,biden,3,0.15486853363567654
76,76,76,2020-03-17,7.0,0.31457142857142856,0.5812608815161677,-0.7073,0.07945,0.4199,0.67565,0.9792,5,1,1.0,biden,3,0.1939834996220711
77,77,77,2020-03-18,13.0,0.38803846153846155,0.4196338672749169,-0.7717,0.2903,0.4199,0.6705,0.8225,9,1,3.0,biden,3,0.20355940229083092
78,78,78,2020-03-19,10.0,0.36453,0.5435951660524176,-0.7073,-0.05387500000000002,0.6228,0.73685,0.9231,6,1,3.0,biden,3,0.23495575149718012
79,79,79,2020-03-20,9.0,-0.22412222222222222,0.5788928307074155,-0.7248,-0.6705,-0.4404,0.296,0.894,1,6,2.0,biden,3,0.1814954340368627
80,80,80,2020-03-21,8.0,-0.07921250000000002,0.5435048651050487,-0.794,-0.40635,-0.2378,0.272725,0.836,2,3,3.0,biden,3,0.19223174356067224
81,81,81,2020-03-22,10.0,-0.07094,0.630019478005773,-0.9225,-0.683125,0.0473,0.330825,0.9231,3,4,3.0,biden,3,0.11374317213210082
82,82,82,2020-03-23,10.0,-0.0043599999999999976,0.5956157172763884,-0.9361,-0.370425,0.0386,0.158675,0.9325,2,3,5.0,biden,3,0.0983578811268098
83,83,83,2020-03-24,11.0,-0.1630090909090909,0.5782436293718167,-0.926,-0.7242,0.0,0.17975,0.7632,3,4,4.0,biden,3,0.03013209262959275
84,84,84,2020-03-25,8.0,0.1895,0.5003461744489651,-0.3952,-0.093375,0.0,0.728325,0.7906,3,2,3.0,biden,3,0.0017694552669553856
85,85,85,2020-03-26,11.0,0.08435454545454545,0.539892958582785,-0.93,-0.1681,0.0,0.3954,0.8902,4,2,5.0,biden,3,-0.03825560966810955
86,86,86,2020-03-27,10.0,-0.09876,0.55582428118566,-0.9379,-0.6037750000000001,0.07655,0.364325,0.5233,3,4,3.0,biden,3,-0.020346720779220666
87,87,87,2020-03-28,8.0,-0.020275,0.528167635049977,-0.8481,-0.1827,0.0386,0.28554999999999997,0.5775,2,2,4.0,biden,3,-0.011927077922077802
88,88,88,2020-03-29,5.0,-0.14238,0.6272312149438992,-0.7184,-0.5719,-0.2023,-0.1027,0.8834,1,2,2.0,biden,3,-0.02213279220779209
89,89,89,2020-03-30,9.0,0.11412222222222221,0.4697148783511593,-0.8126,-0.0258,0.0772,0.3353,0.836,2,1,6.0,biden,3,-0.005206760461760346
90,90,90,2020-03-31,8.0,0.019387500000000002,0.6653439313349794,-0.8316,-0.6063749999999999,0.05595,0.54475,0.8591,3,3,2.0,biden,3,0.0208498953823955
91,91,91,2020-04-01,10.0,0.25721,0.3711477826359138,-0.0258,0.0,0.0129,0.5091249999999999,0.9062,3,0,7.0,biden,4,0.030522752525252637
92,92,92,2020-04-02,8.0,0.049762499999999994,0.5153041735227845,-0.9022,-0.1147,0.1044,0.457775,0.5888,3,2,3.0,biden,4,0.025581031746031855
93,93,93,2020-04-03,11.0,0.04595454545454544,0.6041738778921782,-0.7841,-0.45505,0.0,0.52705,0.9186,4,3,4.0,biden,4,0.046254538239538345
94,94,94,2020-04-04,8.0,0.19797499999999998,0.7243127299131817,-0.9231,-0.483625,0.56465,0.687725,0.9242,5,3,0.0,biden,4,0.07743310966810978
95,95,95,2020-04-05,8.0,0.07875,0.38654752803319214,-0.5719,-0.0683,0.01985,0.44347500000000006,0.5423,3,1,4.0,biden,4,0.10902310966810977
96,96,96,2020-04-06,7.0,0.02874285714285715,0.5113601694081608,-0.8945,-0.08795,0.0,0.2405,0.7906,1,1,5.0,biden,4,0.09682605751391475
97,97,97,2020-04-07,5.0,0.42241999999999996,0.3973615633148229,0.0,0.0516,0.4215,0.8074,0.8316,3,0,2.0,biden,4,0.15440212894248617
98,98,98,2020-04-08,15.0,0.24694666666666668,0.538159349564615,-0.5677,-0.15925,0.128,0.7829999999999999,0.9256,7,2,6.0,biden,4,0.1529359384662957
99,99,99,2020-04-09,10.0,0.05736000000000001,0.523924560303188,-0.7853,-0.219975,0.0129,0.420625,0.8394,3,2,5.0,biden,4,0.15402129560915287
100,100,100,2020-04-10,8.0,-0.11880000000000002,0.5699103413194545,-0.8834,-0.44175,-0.1712,0.09545,0.9072,2,3,3.0,biden,4,0.13048493197278924
101,101,101,2020-04-11,6.0,-0.2055833333333333,0.5893436702524824,-0.8019,-0.652375,-0.3283,0.10565,0.7351,1,3,2.0,biden,4,0.07283374149659874
102,102,102,2020-04-12,7.0,0.18874285714285716,0.7234255936333809,-0.8925,-0.17684999999999998,0.4215,0.59675,0.9524,5,2,0.0,biden,4,0.08854700680272119
103,103,103,2020-04-13,10.0,-0.025169999999999988,0.5939682166019772,-0.8779,-0.36035,0.0,0.301425,0.8828,3,3,4.0,biden,4,0.0808451700680273
104,104,104,2020-04-14,10.0,0.25379,0.5111476269685261,-0.7073,0.044475,0.44999999999999996,0.621775,0.7269,6,2,2.0,biden,4,0.05675517006802731
105,105,105,2020-04-15,9.0,0.016822222222222207,0.5117532920699627,-0.7073,-0.25,0.0,0.3182,0.7964,2,2,5.0,biden,4,0.02388024943310666
106,106,106,2020-04-16,11.0,0.08292727272727272,0.5803884459410078,-0.8885,-0.34625,0.1779,0.48945,0.9418,4,3,4.0,biden,4,0.02753271696557419
107,107,107,2020-04-17,7.0,0.14528571428571427,0.46639846851010497,-0.8347,0.13335,0.2263,0.37,0.6187,2,1,4.0,biden,4,0.06525924757781909
108,108,108,2020-04-18,6.0,-0.16681666666666664,0.5243305767039214,-0.8934,-0.540525,-0.08385,0.26445,0.3724,2,2,2.0,biden,4,0.07079734281591434
109,109,109,2020-04-19,8.0,0.4426375,0.5901129115625731,-0.7172,0.2857,0.5812999999999999,0.8973,0.9625,6,1,1.0,biden,4,0.10706800608122045
110,110,110,2020-04-20,9.0,0.09058888888888893,0.6856004967261263,-0.8126,-0.7579,0.5574,0.6249,0.7717,5,3,1.0,biden,4,0.12360499020820459
111,111,111,2020-04-21,8.0,0.296,0.6392120998318388,-0.7435,0.121425,0.51845,0.672725,0.9246,6,2,0.0,biden,4,0.1296349902082046
112,112,112,2020-04-22,11.0,0.10870909090909088,0.5963103863837111,-0.8971,-0.17,0.0,0.6401,0.8555,4,2,5.0,biden,4,0.14276168573490014
113,113,113,2020-04-23,9.0,0.15466666666666662,0.5798578252468445,-0.7579,0.0,0.2006,0.4588,0.8885,4,2,3.0,biden,4,0.15301017058338498
114,114,114,2020-04-24,10.0,0.21700000000000003,0.486821813169642,-0.5065,-0.167625,0.4632,0.534375,0.8516,6,2,2.0,biden,4,0.16325506854256866
115,115,115,2020-04-25,18.0,0.5352444444444444,0.4377325307727677,-0.3818,0.24372500000000002,0.7564,0.887175,0.9359,12,1,5.0,biden,4,0.26354951298701307
116,116,116,2020-04-26,6.0,-0.1991166666666667,0.5686554226125577,-0.8743,-0.64495,-0.10115,0.01935,0.6486,1,2,3.0,biden,4,0.17187034632034642
117,117,117,2020-04-27,9.0,0.39932222222222225,0.4402836664520323,-0.5423,0.296,0.4215,0.7506,0.826,6,1,2.0,biden,4,0.21597510822510832
118,118,118,2020-04-28,9.0,-0.09742222222222223,0.6679972619288529,-0.8682,-0.7073,0.0,0.5499,0.6927,4,4,1.0,biden,4,0.1597719336219337
119,119,119,2020-04-29,9.0,0.29252222222222224,0.4730586982018663,-0.3612,0.0,0.4215,0.672,0.8515,5,1,3.0,biden,4,0.1860309523809525
120,120,120,2020-04-30,9.0,0.015322222222222206,0.6065035815594533,-0.7506,-0.5423,0.0,0.5267,0.8471,4,3,2.0,biden,4,0.16612460317460329
121,121,121,2020-05-01,10.0,-0.12715,0.5603958090294553,-0.9062,-0.436175,-0.25170000000000003,0.0,0.8807,2,4,4.0,biden,5,0.11696031746031754
122,122,122,2020-05-02,8.0,-0.183875,0.3674496534998269,-0.6218,-0.375575,-0.2698,0.0,0.5423,1,2,5.0,biden,5,0.01422896825396834
123,123,123,2020-05-03,10.0,0.14337,0.5755920913864842,-0.6486,-0.426025,0.296,0.5615249999999999,0.8658,4,3,3.0,biden,5,0.06315563492063501
124,124,124,2020-05-04,7.0,0.04177142857142857,0.5930439014504905,-0.8939,-0.23745,0.0,0.4553,0.7506,2,2,3.0,biden,5,0.012076950113378773
125,125,125,2020-05-05,6.0,0.43100000000000005,0.6474688131485561,-0.783,0.3064,0.6985,0.8334999999999999,0.9178,4,1,1.0,biden,5,0.08756583900226766
126,126,126,2020-05-06,11.0,-0.12494545454545455,0.5860685273304417,-0.9297,-0.5945,0.0,0.26025,0.7783,2,4,5.0,biden,5,0.02792759946402812
127,127,127,2020-05-07,9.0,0.08331111111111109,0.5024353626200201,-0.6249,-0.2023,0.0,0.508,0.7579,3,2,4.0,biden,5,0.037640297876726535
128,128,128,2020-05-08,12.0,-0.03685833333333333,0.690263643253047,-0.9226,-0.545925,-0.2108,0.635625,0.9478,4,5,3.0,biden,5,0.05053910740053607
129,129,129,2020-05-09,7.0,0.15722857142857144,0.540470578028338,-0.6249,-0.1909,0.1027,0.5986,0.8074,3,2,2.0,biden,5,0.09926818903318914
130,130,130,2020-05-10,7.0,0.24935714285714286,0.5592724257376509,-0.3612,-0.22455,0.0772,0.7938000000000001,0.891,3,1,3.0,biden,5,0.1144092094413524
131,131,131,2020-05-11,9.0,0.22714444444444448,0.7111186910620321,-0.9485,-0.296,0.6597,0.8121,0.876,5,2,2.0,biden,5,0.14089106885178324
132,132,132,2020-05-12,8.0,0.14465,0.5470216501330507,-0.5824,-0.273075,0.148,0.59765,0.8555,3,2,3.0,biden,5,0.09998392599464036
133,133,133,2020-05-13,8.0,-0.10641249999999998,0.7089058842177651,-0.7916,-0.7483500000000001,-0.294,0.644925,0.7096,3,4,1.0,biden,5,0.10263149092970529
134,134,134,2020-05-14,13.0,-0.23071538461538457,0.4843146650098361,-0.9287,-0.5719,-0.2946,0.0665,0.5719,2,6,5.0,biden,5,0.05777056296877735
135,135,135,2020-05-15,11.0,0.06512727272727271,0.6365406806967,-0.8779,-0.4917,0.3818,0.5701,0.8271,6,4,1.0,biden,5,0.07233993526314964
136,136,136,2020-05-16,7.0,0.09944285714285715,0.598194622334969,-0.8176,-0.2053,0.0,0.5132,0.8979,3,2,2.0,biden,5,0.06408483322233331
137,137,137,2020-05-17,8.0,0.2831,0.8339197494791861,-0.9518,-0.3553,0.8186,0.8773500000000001,0.9042,5,2,1.0,biden,5,0.06890524138559861
138,138,138,2020-05-18,7.0,0.1670142857142857,0.6580826883925035,-0.6486,-0.31245,0.0258,0.7499499999999999,0.9169,3,2,2.0,biden,5,0.06031521870986164
139,139,139,2020-05-19,8.0,0.2178,0.7542118289029567,-0.9416,-0.218575,0.5071,0.7646499999999999,0.9393,5,2,1.0,biden,5,0.07076521870986165
140,140,140,2020-05-20,12.0,0.2098,0.4840673337836004,-0.743,0.0,0.05575,0.658725,0.8834,4,1,7.0,biden,5,0.11593843299557594
141,141,141,2020-05-21,9.0,-0.002888888888888904,0.7338026087519116,-0.8949,-0.7506,0.0,0.7003,0.9168,3,3,3.0,biden,5,0.14848507524221818
142,142,142,2020-05-22,12.0,0.04691666666666666,0.5239676427090328,-0.88,-0.23297500000000002,0.2839,0.371375,0.5994,5,3,4.0,biden,5,0.14588356009070305
143,143,143,2020-05-23,7.0,0.040771428571428556,0.5922189677089765,-0.765,-0.42665000000000003,0.3595,0.45365,0.6369,4,2,1.0,biden,5,0.1375019274376418
144,144,144,2020-05-24,9.0,0.16111111111111118,0.6944784597891508,-0.7964,-0.4767,0.4939,0.738,0.975,5,3,1.0,biden,5,0.12007494331065768
145,145,145,2020-05-25,3.0,0.26563333333333333,0.5163388067280372,-0.3291,0.09874999999999998,0.5266,0.563,0.5994,2,0,1.0,biden,5,0.13416337868480735
146,146,146,2020-05-26,6.0,-0.0043166666666666536,0.6985335852102365,-0.863,-0.5388000000000001,0.0129,0.531675,0.8294,2,2,2.0,biden,5,0.10243242630385496
147,147,147,2020-05-27,12.0,-0.004650000000000001,0.532885973646418,-0.9101,-0.11479999999999999,0.0,0.381,0.875,4,3,5.0,biden,5,0.07179671201814067
148,148,148,2020-05-28,7.0,-0.25227142857142854,0.5850546718449644,-0.8951,-0.8309,0.0,0.1753,0.4404,2,3,2.0,biden,5,0.036170634920635006
149,149,149,2020-05-29,9.0,-0.2494777777777778,0.524675804134748,-0.9555,-0.6597,-0.0644,0.0,0.4939,2,4,3.0,biden,5,-0.006171428571428487
150,150,150,2020-05-30,6.0,-0.15398333333333333,0.7039609432821303,-0.8519,-0.7818,-0.23114999999999997,0.456075,0.6705,2,3,1.0,biden,5,-0.0339935374149659
151,151,151,2020-05-31,2.0,-0.5357,0.4631549416771886,-0.8632,-0.69945,-0.5357,-0.37195,-0.2082,0,1,1.0,biden,5,-0.13353798185941035
152,152,152,2020-06-01,3.0,0.20413333333333336,0.35356930485172683,0.0,0.0,0.0,0.3062,0.6124,1,0,2.0,biden,6,-0.14232369614512463
153,153,153,2020-06-02,10.0,0.019089999999999996,0.6567402115330265,-0.8625,-0.56665,0.07880000000000001,0.5276000000000001,0.9081,3,4,3.0,biden,6,-0.1389798866213151
154,154,154,2020-06-03,7.0,0.22664285714285715,0.5762058916080341,-0.5362,-0.17,0.1082,0.7148,0.9249,3,1,3.0,biden,6,-0.10593804988662123
155,155,155,2020-06-04,9.0,0.06898888888888889,0.5877602560662902,-0.6124,-0.3818,-0.2617,0.481,0.8858,4,3,2.0,biden,6,-0.06004371882086159
156,156,156,2020-06-05,11.0,-0.2025181818181818,0.4581096611471577,-0.97,-0.4679,0.0,0.0,0.4404,1,3,7.0,biden,6,-0.05333520511234787
157,157,157,2020-06-06,9.0,0.07675555555555556,0.6402450939115252,-0.9133,-0.2846,-0.0267,0.7351,0.9153,3,2,4.0,biden,6,-0.02037250669964946
158,158,158,2020-06-07,6.0,-0.014716666666666675,0.6140010143856984,-0.8481,-0.46077499999999993,0.11185,0.400675,0.6908,2,2,2.0,biden,6,0.05405368377654101
159,159,159,2020-06-08,5.0,0.11536000000000005,0.7351713698179494,-0.6908,-0.6249,0.4215,0.5106,0.9604,3,2,0.0,biden,6,0.04137177901463624
160,160,160,2020-06-09,10.0,0.10578000000000001,0.4039336133574427,-0.4019,-0.11585,-0.0036,0.376725,0.7506,3,1,6.0,biden,6,0.05375606472892196
161,161,161,2020-06-10,7.0,-0.043385714285714284,0.660442284706674,-0.7269,-0.5911500000000001,-0.128,0.42375,0.886,2,3,2.0,biden,6,0.01518055452484032
162,162,162,2020-06-11,11.0,0.17761818181818181,0.6924210291696545,-0.8307,-0.4629,0.4005,0.8074,0.8316,6,4,1.0,biden,6,0.030699024943310733
163,163,163,2020-06-12,8.0,-0.0865,0.5549065918821705,-0.8402,-0.510625,-0.16945,0.4895,0.5716,3,3,2.0,biden,6,0.047273050917336704
164,164,164,2020-06-13,7.0,0.1579142857142857,0.6081494290840354,-0.5859,-0.2916,0.0,0.7335499999999999,0.8074,3,2,2.0,biden,6,0.05886715522572672
165,165,165,2020-06-14,5.0,0.36644,0.6322778250104933,-0.5994,0.0516,0.6908,0.7964,0.8928,3,1,1.0,biden,6,0.11331810760667911
166,166,166,2020-06-15,6.0,0.43626666666666664,0.47385610333377226,-0.1232,0.031225000000000003,0.4783,0.851575,0.926,3,0,3.0,biden,6,0.1591619171304886
167,167,167,2020-06-16,9.0,-0.10517777777777777,0.4622663079269832,-0.7865,-0.2263,0.0,0.0,0.8126,1,2,6.0,biden,6,0.12902509173366322
168,168,168,2020-06-17,6.0,-0.0066500000000000075,0.6881170939600324,-0.9062,-0.475125,-0.0129,0.5322,0.8074,2,2,2.0,biden,6,0.13427305091733668
169,169,169,2020-06-18,10.0,0.20742000000000002,0.6169888542123125,-0.8641,-0.1875,0.4013,0.7329749999999999,0.8481,5,2,3.0,biden,6,0.13853045351473928
170,170,170,2020-06-19,9.0,0.17170000000000002,0.6282424512081303,-0.891,-0.0534,0.4019,0.6904,0.7906,5,2,2.0,biden,6,0.17541616780045358
171,171,171,2020-06-20,7.0,0.010085714285714285,0.6264231781274047,-0.8481,-0.46825,0.1018,0.44555,0.8623,2,3,2.0,biden,6,0.1542978004535148
172,172,172,2020-06-21,5.0,0.13374,0.7323297228707846,-0.9381,0.0,0.0,0.6249,0.9819,2,1,2.0,biden,6,0.12105494331065766
173,173,173,2020-06-22,7.0,0.21619999999999998,0.54926749099748,-0.7003,-0.0386,0.0772,0.72435,0.765,3,1,3.0,biden,6,0.08961684807256244
174,174,174,2020-06-23,8.0,0.252475,0.5880458357985371,-0.7845,-0.07495,0.3291,0.7526750000000001,0.872,3,1,4.0,biden,6,0.1407101020408164
175,175,175,2020-06-24,8.0,0.30995000000000006,0.6677278209398968,-0.8391,-0.0903,0.46025,0.8821749999999999,0.9623,4,2,2.0,biden,6,0.18593867346938783
176,176,176,2020-06-25,8.0,-0.08345000000000005,0.6233712491651459,-0.8055,-0.60075,-0.21075,0.390825,0.7555,2,4,2.0,biden,6,0.14438581632653072
177,177,177,2020-06-26,6.0,0.42510000000000003,0.2473991915912419,0.0772,0.3111,0.39135,0.564675,0.7839,4,0,2.0,biden,6,0.18058581632653073
178,178,178,2020-06-27,7.0,0.22465714285714286,0.2347964924293863,0.0,0.0129,0.1779,0.39135,0.5862,3,0,4.0,biden,6,0.21123887755102053
179,179,179,2020-06-28,5.0,0.3173,0.4169639312938231,-0.2144,0.0,0.3818,0.7003,0.7188,3,0,2.0,biden,6,0.23746173469387769
180,180,180,2020-06-29,7.0,0.22954285714285713,0.29391869543091254,-0.1531,0.0386,0.17,0.447,0.6187,2,0,5.0,biden,6,0.23936785714285727
181,181,181,2020-06-30,7.0,0.0022285714285714144,0.6203414240407877,-0.7308,-0.52535,0.0258,0.44394999999999996,0.8834,3,3,1.0,biden,6,0.20361836734693892
182,182,182,2020-07-01,8.0,0.5036625,0.35215972811657903,0.0,0.20420000000000002,0.5783,0.7801499999999999,0.9169,5,0,3.0,biden,7,0.23129158163265315
183,183,183,2020-07-02,8.0,-0.1528875,0.2558791591887523,-0.6249,-0.2017,0.0,0.0,0.0,0,2,6.0,biden,7,0.22137193877551029
184,184,184,2020-07-03,7.0,-0.3059428571428572,0.5377519002202374,-0.8324,-0.77725,-0.4767,0.1701,0.3818,1,4,2.0,biden,7,0.11693724489795924
185,185,185,2020-07-04,5.0,0.56194,0.40915760777480353,0.0,0.25,0.8271,0.8442,0.8884,3,0,2.0,biden,7,0.16512051020408167
186,186,186,2020-07-05,7.0,-0.1429857142857143,0.7519303501179956,-0.9339,-0.8162,-0.3262,0.5768,0.738,3,3,1.0,biden,7,0.09936540816326535
187,187,187,2020-07-06,5.0,-0.14696,0.41470098022551144,-0.7913,-0.2617,0.0,0.0,0.3182,0,1,4.0,biden,7,0.04557928571428576
188,188,188,2020-07-07,8.0,0.4925125000000001,0.42492835845755056,-0.0516,0.0,0.7462500000000001,0.7926500000000001,0.872,5,0,3.0,biden,7,0.11561984693877557
189,189,189,2020-07-08,7.0,0.05958571428571428,0.6720477548224566,-0.6124,-0.4847,-0.296,0.6789000000000001,0.9371,3,3,1.0,biden,7,0.052180306122449026
190,190,190,2020-07-09,11.0,0.20092727272727276,0.44334752078005146,-0.4854,-0.01935,0.0,0.5767,0.7717,5,2,4.0,biden,7,0.10272527365491656
191,191,191,2020-07-10,6.0,0.51175,0.4675835957344953,-0.296,0.36635,0.59845,0.8643000000000001,0.9277,5,0,1.0,biden,7,0.21953853896103898
192,192,192,2020-07-11,8.0,0.2541875,0.6012830316141833,-0.5106,-0.39825,0.5037,0.669725,0.886,5,3,0.0,biden,7,0.17557389610389615
193,193,193,2020-07-12,7.0,-0.14605714285714286,0.6008960666014905,-0.9081,-0.49305,-0.3252,0.18495,0.8271,2,3,2.0,biden,7,0.17513512059369205
194,194,194,2020-07-13,7.0,0.08192857142857145,0.455123630508919,-0.8271,0.0,0.0996,0.37934999999999997,0.5423,2,1,4.0,biden,7,0.2078334879406308
195,195,195,2020-07-14,8.0,0.15560000000000002,0.6260518805521289,-0.6705,-0.400775,0.1366,0.78915,0.875,3,3,2.0,biden,7,0.15970313079777365
196,196,196,2020-07-15,6.0,0.045416666666666626,0.6564315757690719,-0.7964,-0.493775,0.16874999999999998,0.5294,0.7964,3,2,1.0,biden,7,0.1576789811379097
197,197,197,2020-07-16,5.0,-0.04149999999999996,0.7840696652721619,-0.851,-0.8481,0.0772,0.6124,0.802,2,2,1.0,biden,7,0.12304651360544218
198,198,198,2020-07-17,8.0,0.0810875,0.5221470385068067,-0.5994,-0.31229999999999997,0.012800000000000002,0.38764999999999994,0.9211,2,2,4.0,biden,7,0.06152329931972789
199,199,199,2020-07-18,4.0,0.351375,0.6715345033329759,-0.4215,-0.105375,0.4531,0.9098499999999999,0.9208,2,1,1.0,biden,7,0.07540722789115646
200,200,200,2020-07-19,6.0,-0.12654999999999997,0.40716431449723095,-0.9064,-0.13412500000000002,-0.0386,0.11332500000000001,0.2263,0,1,5.0,biden,7,0.07819396258503401
201,201,201,2020-07-20,7.0,-0.22418571428571427,0.5248250325221776,-0.8406,-0.555,-0.3182,-0.02555,0.7506,1,3,3.0,biden,7,0.034463350340136055
202,202,202,2020-07-21,10.0,0.12791,0.7346759912445153,-0.8338,-0.427,0.012399999999999994,0.8651,0.9742,4,3,3.0,biden,7,0.030507636054421774
203,203,203,2020-07-22,9.0,0.12645555555555557,0.45280152691634973,-0.4588,-0.0516,0.0,0.3191,0.9599,2,2,5.0,biden,7,0.042084620181405914
204,204,204,2020-07-23,9.0,0.43451111111111107,0.48410028259763604,-0.3182,0.0,0.7845,0.8126,0.891,5,0,4.0,biden,7,0.11008620748299322
205,205,205,2020-07-24,6.0,0.41101666666666664,0.464115767526451,-0.5106,0.45885,0.5784,0.632325,0.7506,5,1,0.0,biden,7,0.15721894557823132
206,206,206,2020-07-25,7.0,0.24384285714285717,0.4583474550205439,-0.296,-0.1094,0.1803,0.58175,0.8779,3,0,4.0,biden,7,0.1418572108843538
207,207,207,2020-07-26,7.0,0.44107142857142856,0.4161105490703391,0.0,0.0,0.7096,0.75145,0.875,4,0,3.0,biden,7,0.22294598639455784
208,208,208,2020-07-27,7.0,0.40732857142857143,0.4631660563062515,-0.4981,0.31135,0.4019,0.6974,0.93,4,1,2.0,biden,7,0.3131623129251701
209,209,209,2020-07-28,15.0,0.31004666666666664,0.5700487834596346,-0.8589,-0.15175,0.4404,0.8185,0.946,9,2,4.0,biden,7,0.33918183673469393
210,210,210,2020-07-29,9.0,0.5362888888888889,0.4085640905795701,-0.1779,0.2732,0.7003,0.8301,0.9716,6,0,3.0,biden,7,0.39772945578231295
211,211,211,2020-07-30,9.0,0.16193333333333335,0.5334620277020661,-0.6597,-0.3182,0.3412,0.5574,0.9001,4,1,4.0,biden,7,0.35878977324263045
212,212,212,2020-07-31,8.0,0.398625,0.4331370444625053,-0.4685,0.28964999999999996,0.37929999999999997,0.679525,0.9324,4,1,3.0,biden,7,0.3570195351473923
213,213,213,2020-08-01,6.0,0.17518333333333333,0.48560438802245876,-0.4215,-0.22199999999999998,0.20095,0.5867,0.7184,3,1,2.0,biden,8,0.3472110317460318
214,214,214,2020-08-02,6.0,0.5475833333333334,0.3470827706277952,0.0,0.368475,0.61725,0.7677,0.9476,4,0,2.0,biden,8,0.36242701814058964
215,215,215,2020-08-03,7.0,0.03641428571428572,0.6545330560243473,-0.5859,-0.569,-0.1548,0.6251,0.8834,3,3,1.0,biden,8,0.30943926303854885
216,216,216,2020-08-04,12.0,-0.03546666666666668,0.625251094773253,-0.9607,-0.36112500000000003,-0.11175,0.454525,0.9558,4,3,5.0,biden,8,0.2600802154195012
217,217,217,2020-08-05,9.0,0.12404444444444443,0.8074535375349952,-0.9723,-0.8225,0.6705,0.7261,0.8957,5,3,1.0,biden,8,0.2011881519274377
218,218,218,2020-08-06,8.0,0.26502499999999996,0.6424782036325102,-0.9382,-0.0903,0.5248999999999999,0.7367,0.8922,5,2,1.0,biden,8,0.21591553287981866
219,219,219,2020-08-07,13.0,-0.026500000000000017,0.5630602809646583,-0.7479,-0.5994,-0.0772,0.4404,0.8223,5,4,4.0,biden,8,0.1551833900226758
220,220,220,2020-08-08,8.0,0.30915000000000004,0.6882903830713977,-0.8934,0.05055000000000001,0.62465,0.73535,0.9393,5,2,1.0,biden,8,0.17432148526077107
221,221,221,2020-08-09,9.0,-0.2612777777777777,0.5325613973472396,-0.8834,-0.6249,-0.5267,-0.0258,0.8225,1,5,3.0,biden,8,0.05876989795918376
222,222,222,2020-08-10,6.0,-0.02491666666666666,0.5844722659516589,-0.6993,-0.516875,0.02200000000000002,0.35590000000000005,0.7351,2,2,2.0,biden,8,0.050008333333333425
223,223,223,2020-08-11,8.0,0.7072625,0.19084583110458558,0.3182,0.6363,0.7479,0.8225750000000001,0.9022,7,0,1.0,biden,8,0.1561125000000001
224,224,224,2020-08-12,17.0,0.23403529411764704,0.459539225666831,-0.765,0.0,0.1027,0.5859,0.9274,7,2,8.0,biden,8,0.17182547852474334
225,225,225,2020-08-13,9.0,0.49638888888888894,0.28807292672361823,0.0,0.2263,0.6369,0.6901,0.7912,6,0,3.0,biden,8,0.2048774626517275
226,226,226,2020-08-14,10.0,0.34757000000000005,0.5436000818616569,-0.7096,0.07955,0.5804,0.7545499999999999,0.8104,6,2,2.0,biden,8,0.2583160340802989
227,227,227,2020-08-15,7.0,0.23900000000000002,0.5176711053683926,-0.6249,-0.07655,0.3818,0.6309,0.8074,4,1,2.0,biden,8,0.24829460550887034
228,228,228,2020-08-16,8.0,0.21947500000000003,0.26840652935426146,-0.1531,-0.015075,0.2802,0.4353,0.5106,4,0,4.0,biden,8,0.3169735737628386
229,229,229,2020-08-17,7.0,0.22391428571428568,0.6038389145806229,-0.7778,-0.1349,0.4019,0.6834499999999999,0.8462,4,1,2.0,biden,8,0.3525208526744032
230,230,230,2020-08-18,32.0,0.29736250000000003,0.4343418155576729,-0.6705,0.0,0.3612,0.6591499999999999,0.9371,17,3,12.0,biden,8,0.29396370981726033
231,231,231,2020-08-19,20.0,0.65438,0.33489742121557475,0.0,0.647875,0.7879,0.8689500000000001,0.9288,16,0,4.0,biden,8,0.35401295351473927
232,232,232,2020-08-20,26.0,0.0298576923076923,0.5518373841436094,-0.875,-0.390125,0.0,0.5051249999999999,0.9153,10,7,9.0,biden,8,0.2873656397174255
233,233,233,2020-08-21,22.0,0.4963272727272727,0.48006834650497143,-0.6908,0.3651,0.65265,0.86615,0.9652,16,2,4.0,biden,8,0.30861667867846443
234,234,234,2020-08-22,8.0,0.4077,0.5674578146686954,-0.6249,-0.023,0.7489,0.781375,0.9118,5,1,2.0,biden,8,0.3327166786784645
235,235,235,2020-08-23,6.0,0.4130833333333333,0.45663560709461404,-0.4767,0.47577499999999995,0.5267,0.576875,0.8494,5,1,0.0,biden,8,0.3603750120117978
236,236,236,2020-08-24,3.0,0.16023333333333337,0.6374375760286911,-0.3818,-0.1909,0.0,0.43125,0.8625,1,1,1.0,biden,8,0.35127773310023314
237,237,237,2020-08-25,9.0,0.1670888888888889,0.5117460294043434,-0.628,-0.128,0.0,0.5859,0.9196,3,1,5.0,biden,8,0.33266721722721726
238,238,238,2020-08-26,12.0,0.43825000000000003,0.4875685714011741,-0.7096,0.16025,0.5328999999999999,0.78275,0.9603,8,1,3.0,biden,8,0.301791502941503
239,239,239,2020-08-27,13.0,-0.10684615384615383,0.5942524808746203,-0.8555,-0.7351,0.0,0.2023,0.8702,3,5,5.0,biden,8,0.2822623820623821
240,240,240,2020-08-28,25.0,0.08256800000000002,0.6077747401518647,-0.8402,-0.3818,0.0,0.5849,0.9505,11,7,7.0,biden,8,0.2231539145299146
241,241,241,2020-08-29,9.0,0.14345555555555556,0.5401900871709678,-0.6705,-0.296,0.3182,0.4767,0.9518,3,2,4.0,biden,8,0.18540470818070826
242,242,242,2020-08-30,7.0,0.15122857142857146,0.733945004102909,-0.8402,-0.46875,0.3626,0.78095,0.9118,4,2,1.0,biden,8,0.14799688505145658
243,243,243,2020-08-31,16.0,0.002743749999999996,0.7175767461568135,-0.8682,-0.73065,-0.1609,0.77535,0.9366,7,7,2.0,biden,8,0.12549837314669468
244,244,244,2020-09-01,15.0,0.18639999999999995,0.6004974913709942,-0.9565,-0.31215,0.4404,0.6239,0.9091,9,4,2.0,biden,9,0.12825710330542486
245,245,245,2020-09-02,9.0,0.17411111111111113,0.5362723711987325,-0.6249,-0.2144,0.0,0.6597,0.9382,4,1,4.0,biden,9,0.09052297632129787
246,246,246,2020-09-03,8.0,0.144625,0.5212869918357285,-0.7184,-0.1127,0.15175,0.4211,0.8271,2,1,5.0,biden,9,0.12644742687074842
247,247,247,2020-09-04,9.0,0.22387777777777776,0.6888699728137702,-0.8834,-0.4404,0.4767,0.7717,0.9274,5,3,1.0,biden,9,0.14663453798185952
248,248,248,2020-09-05,5.0,-0.04868,0.3479072750029812,-0.6046,0.0,0.0,0.0,0.3612,1,1,3.0,biden,9,0.11918660147392302
249,249,249,2020-09-06,6.0,0.30888333333333334,0.4301318700894723,-0.09,0.0,0.1334,0.6351249999999999,0.9186,2,0,4.0,biden,9,0.1417087103174604
250,250,250,2020-09-07,9.0,0.4355444444444444,0.5380774040765676,-0.8074,0.3818,0.6597,0.7933,0.8625,7,1,1.0,biden,9,0.20353738095238105
251,251,251,2020-09-08,9.0,0.43799999999999994,0.48184471046178357,-0.5326,0.2732,0.4404,0.8777,0.9493,6,1,2.0,biden,9,0.2394802380952382
252,252,252,2020-09-09,15.0,0.3245933333333333,0.5887092242072198,-0.9274,0.1591,0.5047,0.70235,0.9393,10,3,2.0,biden,9,0.2609776984126985
253,253,253,2020-09-10,9.0,-0.12516666666666665,0.6969306152695547,-0.8126,-0.743,-0.1027,0.296,0.8818,2,4,3.0,biden,9,0.22243603174603185
254,254,254,2020-09-11,8.0,-0.00963749999999999,0.4920166052293648,-0.743,-0.22385,-0.0205,0.1738,0.7717,2,2,4.0,biden,9,0.18907670634920645
255,255,255,2020-09-12,6.0,0.06724999999999999,0.6354837299254796,-0.9382,-0.22030000000000002,0.12514999999999998,0.590825,0.6808,3,1,2.0,biden,9,0.20563813492063504
256,256,256,2020-09-13,9.0,0.02591111111111112,0.5375523566231583,-0.7269,-0.128,0.0,0.0343,0.9354,2,2,5.0,biden,9,0.16521353174603187
257,257,257,2020-09-14,8.0,-0.20213749999999997,0.3977828766604788,-0.9601,-0.4331,0.0,0.0,0.2716,0,3,5.0,biden,9,0.07411611111111124
258,258,258,2020-09-15,12.0,-0.048633333333333334,0.5241182974262296,-0.8216,-0.6249,0.07655,0.2899,0.6705,2,4,6.0,biden,9,0.004597063492063632
259,259,259,2020-09-16,11.0,0.15303636363636364,0.669100133422087,-0.8254,-0.32895,0.2023,0.71605,0.9169,5,3,3.0,biden,9,-0.01991107503607489
260,260,260,2020-09-17,13.0,0.24938461538461537,0.5410630598586359,-0.7003,0.0,0.223,0.8169,0.9181,5,2,6.0,biden,9,0.033596250971251115
261,261,261,2020-09-18,22.0,0.05597727272727273,0.5840875129569265,-0.8151,-0.42364999999999997,0.0,0.539025,0.9677,8,7,7.0,biden,9,0.042969789932290066
262,262,262,2020-09-19,6.0,0.7886666666666667,0.1232087442784264,0.5859,0.7683249999999999,0.7814,0.840225,0.9595,6,0,0.0,biden,9,0.14602931374181388
263,263,263,2020-09-20,10.0,0.49432,0.38478507363057746,-0.296,0.362125,0.60145,0.774475,0.9169,7,0,3.0,biden,9,0.21294486929736944
264,264,264,2020-09-21,4.0,0.245,0.8558269256494953,-0.91,-0.15047500000000003,0.48425,0.879725,0.9215,2,1,1.0,biden,9,0.2768216550116552
265,265,265,2020-09-22,11.0,-0.15261818181818182,0.5436251278559184,-0.9517,-0.5927,0.0,0.11424999999999999,0.6996,2,4,5.0,biden,9,0.26196667665667683
266,266,266,2020-09-23,7.0,0.4899,0.41905659920031485,-0.1581,0.2202,0.6597,0.78,0.9273,5,0,2.0,biden,9,0.3100900532800534
267,267,267,2020-09-24,13.0,0.18396923076923077,0.5546605303916612,-0.8834,0.0,0.34,0.5719,0.8573,6,3,4.0,biden,9,0.30074499833499846
268,268,268,2020-09-25,7.0,0.46155714285714283,0.5447675310232272,-0.6369,0.36439999999999995,0.4939,0.8569,0.9313,5,1,1.0,biden,9,0.35868497978212277
269,269,269,2020-09-26,10.0,0.24689999999999998,0.6293078084512997,-0.9118,0.050575,0.40469999999999995,0.70185,0.9022,6,2,2.0,biden,9,0.28128974168688464
270,270,270,2020-09-27,8.0,0.37965,0.6223835129105343,-0.8625,0.0,0.66195,0.804975,0.9371,5,1,2.0,biden,9,0.26490831311545604
271,271,271,2020-09-28,9.0,0.27271111111111107,0.422417682644928,-0.3506,0.0,0.34,0.6738,0.7906,4,1,4.0,biden,9,0.2688670432741862
272,272,272,2020-09-29,11.0,0.09696363636363636,0.39569430946812284,-0.5733,-0.1067,0.0,0.3397,0.7579,3,1,7.0,biden,9,0.3045215887287317
273,273,273,2020-09-30,42.0,0.1227309523809524,0.4373794275600184,-0.9348,0.0,0.0386,0.41307499999999997,0.9636,12,5,25.0,biden,9,0.25206886764029635
274,274,274,2020-10-01,15.0,0.28170666666666666,0.5275336502018029,-0.6486,-0.1027,0.1779,0.7013499999999999,0.9794,7,2,6.0,biden,10,0.2660313584827872
275,275,275,2020-10-02,8.0,0.15864999999999999,0.5243941483818664,-0.9201,0.0,0.1806,0.509025,0.7096,4,1,3.0,biden,10,0.22275890950319538
276,276,276,2020-10-03,8.0,0.326925,0.4604465867890805,-0.296,0.0,0.2288,0.721025,0.9001,4,0,4.0,biden,10,0.23419105236033824
277,277,277,2020-10-04,7.0,0.32494285714285714,0.41134232239155283,0.0,0.0,0.1695,0.5863,0.9325,2,0,5.0,biden,10,0.22637574623788925
278,278,278,2020-10-05,13.0,0.2612769230769231,0.46099386140859866,-0.6908,0.0,0.0,0.6597,0.8807,6,1,6.0,biden,10,0.2247422908044338
279,279,279,2020-10-06,36.0,0.20079166666666665,0.47129072275734735,-0.8445,0.0,0.2349,0.548125,0.9484,13,5,18.0,biden,10,0.23957486656200958
280,280,280,2020-10-07,20.0,0.30784000000000006,0.44463352668532724,-0.705,0.0,0.3612,0.64865,0.8625,11,2,7.0,biden,10,0.2660190162218735
281,281,281,2020-10-08,35.0,0.06292000000000002,0.5040918659273502,-0.8519,-0.37395,0.0,0.47315,0.8745,12,10,13.0,biden,10,0.23476377812663543
282,282,282,2020-10-09,18.0,0.04122777777777778,0.4591399130670757,-0.7351,-0.28315,0.0129,0.480525,0.7545,6,4,8.0,biden,10,0.21798917495203227
283,283,283,2020-10-10,13.0,0.16383076923076922,0.521840982140178,-0.634,0.0,0.0,0.6808,0.9201,5,3,5.0,biden,10,0.19468999912785648
284,284,284,2020-10-11,10.0,0.30246999999999996,0.6740205569730215,-0.7506,-0.36669999999999997,0.64235,0.8525,0.9559,6,3,1.0,biden,10,0.19147959096459116
285,285,285,2020-10-12,15.0,0.28891333333333336,0.5969852868092033,-0.9545,0.0,0.4404,0.7712,0.9136,9,3,3.0,biden,10,0.19542764957264977
286,286,286,2020-10-13,17.0,0.35921764705882353,0.38589180840504717,-0.4019,0.0,0.4939,0.6114,0.891,10,1,6.0,biden,10,0.21805993248581504
287,287,287,2020-10-14,15.0,0.23826666666666665,0.4163293041857725,-0.657,0.0,0.296,0.5284,0.886,5,1,9.0,biden,10,0.2081208848667674
288,288,288,2020-10-15,22.0,0.12083181818181819,0.44670204769575933,-0.6808,-0.05790000000000001,0.0,0.44457499999999994,0.9325,8,3,11.0,biden,10,0.21639400174988427
289,289,289,2020-10-16,26.0,0.31618846153846153,0.47917345446251347,-0.7543,0.0,0.3808,0.6928500000000001,0.9239,14,3,9.0,biden,10,0.2556740994299819
290,290,290,2020-10-17,1.0,-0.2732,,-0.2732,-0.2732,-0.2732,-0.2732,-0.2732,0,0,1.0,biden,10,0.19324113239701493
291,291,291,2020-01-01,23.0,0.259604347826087,0.4657564243232926,-0.8689,0.0,0.296,0.6048500000000001,0.908,11,3,9.0,trump,1,
292,292,292,2020-01-02,17.0,0.02764117647058822,0.5926552782381419,-0.9121,-0.4981,0.0,0.636,0.9301,6,5,6.0,trump,1,
293,293,293,2020-01-03,32.0,-0.11822187499999998,0.5224022141769846,-0.9422,-0.5696,-0.1413,0.3278,0.7717,8,12,12.0,trump,1,
294,294,294,2020-01-04,7.0,-0.12375714285714287,0.5982913472468712,-0.9486,-0.50845,0.0,0.13855,0.8221,1,2,4.0,trump,1,
295,295,295,2020-01-05,3.0,0.21873333333333336,0.7911073841984623,-0.6476,-0.12329999999999997,0.401,0.6519,0.9028,2,1,0.0,trump,1,
296,296,296,2020-01-06,8.0,0.15180000000000002,0.5685799931156816,-0.8441,-0.089875,0.15445,0.61365,0.8063,3,2,3.0,trump,1,
297,297,297,2020-01-07,33.0,0.06897575757575758,0.41286165890518267,-0.8689,-0.2023,0.0,0.4215,0.7082,10,4,19.0,trump,1,0.06925365676408904
298,298,298,2020-01-08,2.0,0.439,0.6208397538817887,0.0,0.2195,0.439,0.6585,0.878,1,0,1.0,trump,1,0.09488160707464803
299,299,299,2020-01-09,29.0,0.08387586206896551,0.5443822617394433,-0.8999,-0.3802,0.128,0.5719,0.8221,14,8,7.0,trump,1,0.10291513358870194
300,300,300,2020-01-10,39.0,0.22171282051282054,0.5220703971383085,-0.8552,-0.0516,0.3182,0.65925,0.9468,19,7,13.0,trump,1,0.1514772329476763
301,301,301,2020-01-11,16.0,-0.05755000000000002,0.6155285739373383,-0.9422,-0.6588,0.0,0.421625,0.8932,5,6,5.0,trump,1,0.16093539621298242
302,302,302,2020-01-12,31.0,0.03985806451612904,0.5659842505312868,-0.832,-0.38175000000000003,0.0,0.52725,0.9547,11,9,11.0,trump,1,0.13538178638195322
303,303,303,2020-01-13,25.0,-0.015328000000000003,0.6119539181452581,-0.8883,-0.5121,0.0,0.4303,0.9441,10,10,5.0,trump,1,0.11150635781052465
304,304,304,2020-01-14,7.0,0.04294285714285715,0.4306842147759108,-0.4926,-0.21435,0.0,0.25175,0.7184,2,2,3.0,trump,1,0.10778737203439602
305,305,305,2020-01-15,36.0,0.22184722222222222,0.4266099667217694,-0.5411,0.0,0.3303,0.5523,0.9041,18,5,13.0,trump,1,0.07676554663757061
306,306,306,2020-01-16,20.0,0.398485,0.38521841552279756,-0.4588,0.0,0.51265,0.64665,0.8993,13,1,6.0,trump,1,0.12170970919914696
307,307,307,2020-01-17,38.0,0.3065815789473684,0.442161637838266,-0.7206,0.0,0.44904999999999995,0.6614249999999999,0.9719,20,4,14.0,trump,1,0.13383381754693954
308,308,308,2020-01-18,18.0,0.4373222222222222,0.4444416994196275,-0.5562,0.0083,0.62895,0.8183250000000001,0.9385,11,1,6.0,trump,1,0.20452984929297127
309,309,309,2020-01-19,11.0,0.03134545454545456,0.8019068479114472,-0.8268,-0.8169,0.0,0.7959,0.8858,5,5,1.0,trump,1,0.2033137621543035
310,310,310,2020-01-20,24.0,0.1431541666666667,0.5466715578441932,-0.7752,-0.1573,0.064,0.6869000000000001,0.9402,8,5,11.0,trump,1,0.22595407167811302
311,311,311,2020-01-21,11.0,0.5633818181818182,0.5119699733737942,-0.7424,0.5164500000000001,0.8222,0.84585,0.9483,9,1,1.0,trump,1,0.30030249468367887
312,312,312,2020-01-22,144.0,0.023528472222222225,0.45912133208474637,-0.8519,-0.36635,0.0,0.435825,0.9336,45,39,60.0,trump,1,0.2719712446836789
313,313,313,2020-01-23,25.0,-0.063332,0.556069316512489,-0.876,-0.4404,-0.1007,0.4574,0.8718,8,9,8.0,trump,1,0.20599738754082178
314,314,314,2020-01-24,62.0,-0.035867741935483866,0.41922981520730607,-0.9313,-0.34,0.0,0.0945,0.9635,8,14,40.0,trump,1,0.1570760559861286
315,315,315,2020-01-25,72.0,0.06640555555555555,0.45881187924037165,-0.9209,-0.30155,0.0,0.440175,0.9612,23,16,33.0,trump,1,0.10408796074803336
316,316,316,2020-01-26,55.0,0.01964545454545455,0.44682606310890227,-0.8225,-0.296,0.0,0.3228,0.9869,14,12,29.0,trump,1,0.10241653217660478
317,317,317,2020-01-27,21.0,0.038261904761904754,0.4034084375371819,-0.9081,-0.1655,0.0,0.1779,0.7574,4,3,14.0,trump,1,0.08743192333306736
318,318,318,2020-01-28,53.0,0.20667924528301887,0.43295052007150736,-0.7712,0.0,0.1759,0.5719,0.9151,20,6,27.0,trump,1,0.03647441291895316
319,319,319,2020-01-29,40.0,0.169795,0.4890845519424202,-0.9099,-0.24230000000000002,0.20155,0.6271500000000001,0.9273,17,7,16.0,trump,1,0.057369631172921425
320,320,320,2020-01-30,40.0,0.108575,0.45419894079633516,-0.7371,-0.1972,0.0,0.4404,0.9669,13,6,21.0,trump,1,0.08192777403006428
321,321,321,2020-01-31,22.0,0.16273181818181823,0.5348525078279713,-0.8709,0.0,0.1699,0.64695,0.837,9,5,8.0,trump,1,0.11029913976110743
322,322,322,2020-02-01,14.0,0.15116428571428572,0.6274420005155767,-0.8402,-0.391425,0.2287,0.69445,0.9048,7,5,2.0,trump,2,0.12240752978378319
323,323,323,2020-02-02,50.0,0.11273799999999999,0.4808582607108643,-0.7574,-0.2413,0.0,0.471875,0.9624,20,12,18.0,trump,2,0.13570646484871826
324,324,324,2020-02-03,33.0,0.4706939393939394,0.49596084771090676,-0.658,0.1027,0.6588,0.8675,0.9753,24,4,5.0,trump,2,0.19748246979615175
325,325,325,2020-02-04,54.0,0.1353425925925926,0.46826025363335533,-0.7717,-0.1027,0.0,0.5364,0.974,18,7,29.0,trump,2,0.18729151941180516
326,326,326,2020-02-05,34.0,0.035132352941176476,0.4518427754983512,-0.875,-0.291925,0.0,0.37665,0.9753,10,8,16.0,trump,2,0.1680539984034018
327,327,327,2020-02-06,10.0,0.17511,0.44940904517920965,-0.3382,0.0,0.0,0.3933,0.9492,3,0,7.0,trump,2,0.1775589984034018
328,328,328,2020-02-07,66.0,0.06221060606060606,0.4917197110076768,-0.836,-0.331625,0.0,0.49825,0.9571,24,16,26.0,trump,2,0.16319882524322862
329,329,329,2020-02-08,65.0,0.12107538461538463,0.49340634940646577,-0.8268,-0.2893,0.0772,0.5267,0.9107,25,16,24.0,trump,2,0.1589004108005285
330,330,330,2020-02-09,62.0,0.10835161290322581,0.5382726427640324,-0.9304,-0.0708,0.0,0.510275,0.9562,24,14,24.0,trump,2,0.1582737840724179
331,331,331,2020-02-10,13.0,0.31053846153846154,0.5229259372965123,-0.5081,-0.126,0.5719,0.7772,0.9136,7,2,4.0,trump,2,0.13539443009306393
332,332,332,2020-02-11,33.0,0.09774545454545455,0.5213116738639354,-0.7096,-0.3649,0.0,0.6588,0.9287,12,9,12.0,trump,2,0.1300234103720442
333,333,333,2020-02-12,33.0,0.1728151515151515,0.6472590478902227,-0.9586,-0.3595,0.1511,0.8217,0.9642,15,9,9.0,trump,2,0.1496923815968978
334,334,334,2020-02-13,9.0,-0.03267777777777777,0.49327842487224643,-0.9401,-0.2481,0.0,0.3506,0.6239,3,2,4.0,trump,2,0.12000841334292954
335,335,335,2020-02-14,24.0,0.5521083333333333,0.5500480587040173,-0.5837,0.33265,0.8246,0.946,0.97,18,4,2.0,trump,2,0.18999380295331916
336,336,336,2020-02-15,45.0,0.15477777777777782,0.46199805631669494,-0.8402,0.0,0.0,0.5319,0.9381,20,6,19.0,trump,2,0.19480843054794675
337,337,337,2020-02-16,2.0,0.14845000000000003,0.954806286636195,-0.5267,-0.18912499999999996,0.14845000000000003,0.48602500000000004,0.8236,1,1,0.0,trump,2,0.20053677156177163
338,338,338,2020-02-17,13.0,0.30076153846153847,0.34154057967407414,0.0,0.0,0.0772,0.6114,0.854,6,0,7.0,trump,2,0.19914006826506833
339,339,339,2020-02-18,43.0,0.1530279069767442,0.4464340127881011,-0.929,-0.056,0.2023,0.4753,0.9565,17,6,20.0,trump,2,0.20703756146953828
340,340,340,2020-02-19,33.0,-0.10965454545454545,0.4763415470351271,-0.8442,-0.5106,-0.1027,0.0,0.8999,7,10,16.0,trump,2,0.16668474761672442
341,341,341,2020-02-20,38.0,0.2666,0.5661732434702488,-0.9452,0.0,0.55855,0.7393500000000001,0.9592,20,7,11.0,trump,2,0.20943871587069268
342,342,342,2020-02-21,33.0,0.26131818181818184,0.5622982479601826,-0.6808,-0.2942,0.4738,0.784,0.9583,17,7,9.0,trump,2,0.16789726565424243
343,343,343,2020-02-22,28.0,0.1400892857142857,0.5536695065411721,-0.8578,-0.296,0.26115,0.6584249999999999,0.9041,12,5,11.0,trump,2,0.16579890964517213
344,344,344,2020-02-23,14.0,0.15674285714285716,0.5940242946524683,-0.8746,-0.34,0.0,0.7271,0.9041,6,3,5.0,trump,2,0.16698360352272315
345,345,345,2020-02-24,35.0,0.2386457142857143,0.45236856156877026,-0.7184,0.0,0.0772,0.6029,0.9412,16,4,15.0,trump,2,0.15810991435474825
346,346,346,2020-02-25,23.0,0.12742608695652172,0.42490034148918787,-0.6774,-0.1525,0.0,0.46775,0.7955,8,4,11.0,trump,2,0.15445251149471648
347,347,347,2020-02-26,48.0,0.12803958333333332,0.5292255484817227,-0.902,-0.183125,0.051500000000000004,0.55255,0.9492,20,9,19.0,trump,2,0.18840881560727057
348,348,348,2020-02-27,7.0,0.2641428571428571,0.3928384309829461,0.0,0.0,0.0,0.44255,0.9639,2,0,5.0,trump,2,0.18805779519910734
349,349,349,2020-02-28,23.0,0.0744521739130435,0.6591272058698432,-0.9121,-0.54575,0.0,0.5916,0.9645,9,7,7.0,trump,2,0.161362651212659
350,350,350,2020-02-29,14.0,0.3499714285714286,0.5353025160937166,-0.9401,0.0,0.483,0.77685,0.9577,8,1,5.0,trump,2,0.19134581447796514
351,351,351,2020-03-01,13.0,0.13356923076923077,0.6732194421640632,-0.9451,-0.4926,0.4199,0.6661,0.9303,7,4,2.0,trump,3,0.18803529642458994
352,352,352,2020-03-02,61.0,0.3838770491803279,0.5144975644235978,-0.8402,0.0,0.6239,0.8126,0.9575,38,6,17.0,trump,3,0.20878262998096328
353,353,353,2020-03-03,25.0,0.299184,0.6659250268611325,-0.8641,0.0,0.4767,0.8656,0.9792,16,5,4.0,trump,3,0.2333194747014602
354,354,354,2020-03-04,46.0,0.32456086956521746,0.5708146834825004,-0.9572,0.05955,0.5461,0.635575,0.9555,31,8,7.0,trump,3,0.2613939441631579
355,355,355,2020-03-05,28.0,0.0574642857142857,0.5270577044901572,-0.8591,-0.25029999999999997,0.0,0.49670000000000003,0.8767,9,7,12.0,trump,3,0.23186843395907633
356,356,356,2020-03-06,36.0,0.3268555555555556,0.46337857429008417,-0.6705,0.0,0.40085,0.7441500000000001,0.9364,21,4,11.0,trump,3,0.2679260599080066
357,357,357,2020-03-07,6.0,0.5894833333333334,0.5445508549866273,-0.4939,0.6586,0.7552000000000001,0.8828499999999999,0.9686,5,1,0.0,trump,3,0.3021420463025644
358,358,358,2020-03-08,17.0,0.20127647058823528,0.4724716479978081,-0.9617,0.0,0.1027,0.5411,0.8087,8,2,7.0,trump,3,0.3118145091338508
359,359,359,2020-03-09,35.0,0.09452571428571431,0.6264639008156896,-0.9541,-0.3893,0.0,0.78705,0.9413,14,9,12.0,trump,3,0.27047860414890595
360,360,360,2020-03-10,27.0,0.3268888888888889,0.5306210086981055,-0.7861,0.0,0.4939,0.7384999999999999,0.9402,17,5,5.0,trump,3,0.2744364454187473
361,361,361,2020-03-11,29.0,0.48939999999999995,0.39793048477628057,-0.6793,0.4186,0.5461,0.784,0.9732,22,2,5.0,trump,3,0.2979848926237162
362,362,362,2020-03-12,40.0,0.20341,0.4935292269421882,-0.8481,-0.128,0.128,0.694125,0.886,17,7,16.0,trump,3,0.3188342803788182
363,363,363,2020-03-13,25.0,-0.023503999999999997,0.6013969976091778,-0.9231,-0.3937,0.0,0.4682,0.9636,7,8,10.0,trump,3,0.26878291529945314
364,364,364,2020-03-14,33.0,0.1774030303030303,0.455935164993917,-0.7003,0.0,0.0,0.636,0.9438,13,5,15.0,trump,3,0.20991430058083843
365,365,365,2020-03-15,23.0,0.36103913043478253,0.4003475021654545,-0.3884,0.0,0.4199,0.77095,0.8955,13,1,9.0,trump,3,0.23273753770177374
366,366,366,2020-03-16,17.0,0.2087705882352941,0.6194222406451696,-0.8225,0.0,0.3213,0.6794,0.963,8,4,5.0,trump,3,0.24905823398028515
367,367,367,2020-03-17,49.0,0.09316530612244897,0.40742858962799666,-0.9029,-0.0772,0.0,0.4019,0.7717,14,7,28.0,trump,3,0.2156691507279366
368,368,368,2020-03-18,34.0,0.2929058823529412,0.4244861363629552,-0.7684,0.0,0.35924999999999996,0.6687000000000001,0.9049,17,3,14.0,trump,3,0.18759856249264248
369,369,369,2020-03-19,14.0,0.3365428571428572,0.36862818815020254,0.0,0.0,0.17635,0.6699999999999999,0.9306,6,0,8.0,trump,3,0.20661754208447922
370,370,370,2020-03-20,56.0,0.18641607142857142,0.3886057851891394,-0.8442,0.0,0.0577,0.4767,0.9001,21,5,30.0,trump,3,0.23660612371713227
371,371,371,2020-03-21,10.0,0.31013,0.36916563295566335,0.0,0.0,0.1366,0.6816500000000001,0.8553,4,0,6.0,trump,3,0.255567119388128
372,372,372,2020-03-22,87.0,0.1990241379310345,0.42617828046038053,-0.8398,0.0,0.3252,0.5002,0.9376,41,12,34.0,trump,3,0.2324221204590211
373,373,373,2020-03-23,42.0,0.08502857142857143,0.5376296936148951,-0.946,-0.286425,0.00465,0.534375,0.9422,16,9,17.0,trump,3,0.21474468948663214
374,374,374,2020-03-24,46.0,0.1834913043478261,0.4921803151177137,-0.8016,0.0,0.2242,0.5457500000000001,0.9195,21,9,16.0,trump,3,0.2276484035188289
375,375,375,2020-03-25,31.0,0.16809999999999994,0.46772219746340893,-0.8204,-0.08615,0.0,0.6131,0.9467,11,4,16.0,trump,3,0.20981899175412302
376,376,376,2020-03-26,8.0,0.2010625,0.4720337213665385,-0.4869,0.0,0.0,0.46842500000000004,0.9441,3,1,4.0,trump,3,0.1904646550194291
377,377,377,2020-03-27,22.0,0.3932681818181818,0.46244944988755116,-0.8002,0.0,0.49945000000000006,0.75145,0.9624,13,1,8.0,trump,3,0.22001495650365915
378,378,378,2020-03-28,32.0,0.055315625,0.5641973219850309,-0.8591,-0.4948,0.0968,0.5137499999999999,0.9297,12,10,10.0,trump,3,0.1836129029322306
379,379,379,2020-03-29,39.0,0.20947179487179485,0.5381102171140064,-0.9552,0.0,0.3367,0.6474,0.9381,19,6,14.0,trump,3,0.1851054253523392
380,380,380,2020-03-30,15.0,0.2893933333333333,0.3991049852333284,-0.2755,0.0,0.1531,0.6514,0.9312,7,0,8.0,trump,3,0.21430039133873377
381,381,381,2020-03-31,24.0,0.21055833333333332,0.5494950907061362,-0.8932,0.0,0.1365,0.70385,0.9687,10,4,10.0,trump,3,0.21816710976523482
382,382,382,2020-04-01,7.0,-0.06922857142857143,0.5514023476986828,-0.9325,-0.23765,0.0,0.0258,0.8716,1,2,4.0,trump,4,0.18426302813258175
383,383,383,2020-04-02,15.0,0.16661333333333334,0.518328075735087,-0.8125,-0.06085,0.2481,0.57635,0.8939,5,3,7.0,trump,4,0.17934171860877224
384,384,384,2020-04-03,15.0,0.32405333333333336,0.4461344718270277,-0.4528,0.0,0.1511,0.78995,0.9737,7,1,7.0,trump,4,0.16945388311093673
385,385,385,2020-04-04,53.0,0.24379056603773583,0.4485592707016161,-0.765,0.0,0.4199,0.5411,0.9011,29,6,18.0,trump,4,0.19637887468775614
386,386,386,2020-04-05,38.0,0.15977894736842105,0.36426018556527867,-0.5267,0.0,0.0,0.4199,0.8439,15,4,19.0,trump,4,0.18927989647298846
387,387,387,2020-04-06,20.0,-0.024299999999999995,0.5059691461365063,-0.9565,-0.4889,0.0,0.425025,0.8992,7,6,7.0,trump,4,0.14446656313965514
388,388,388,2020-04-07,19.0,0.23280000000000003,0.4883884451267591,-0.8777,0.0,0.0,0.7006,0.8992,8,2,9.0,trump,4,0.1476439440920361
389,389,389,2020-04-08,22.0,0.13127727272727274,0.5624766043234646,-0.9139,0.0,0.1146,0.52235,0.9205,10,5,7.0,trump,4,0.17628763611429957
390,390,390,2020-04-09,8.0,0.19755,0.6260518006865384,-0.6996,-0.159,0.31245,0.6970999999999999,0.8827,4,2,2.0,trump,4,0.1807071599238234
391,391,391,2020-04-10,80.0,0.10819875000000004,0.46695431524942915,-0.8074,-0.20782499999999998,0.0,0.4939,0.908,30,14,36.0,trump,4,0.1498707908762044
392,392,392,2020-04-11,19.0,0.08582105263157894,0.649164078367923,-0.8363,-0.5046999999999999,0.0,0.6939,0.9336,7,6,6.0,trump,4,0.1273037175324677
393,393,393,2020-04-12,40.0,0.115615,0.568540952925861,-0.8931,-0.2789,0.0,0.659,0.9622,17,9,14.0,trump,4,0.12099458219412182
394,394,394,2020-04-13,24.0,0.08672916666666668,0.43938261476280227,-0.9286,0.0,0.02825,0.4199,0.9725,8,3,13.0,trump,4,0.13685589171793133
395,395,395,2020-04-14,16.0,0.15420625,0.38739133782907437,-0.6124,0.0,0.0,0.35862499999999997,0.937,4,1,11.0,trump,4,0.12562821314650277
396,396,396,2020-04-15,12.0,0.10648333333333333,0.39189825403432393,-0.7804,0.0,0.0,0.32230000000000003,0.9047,2,1,9.0,trump,4,0.12208622180451142
397,397,397,2020-04-16,7.0,-0.19272857142857142,0.5355627809892621,-0.9589,-0.5405,0.0,0.0,0.6908,1,3,3.0,trump,4,0.06633214017185836
398,398,398,2020-04-17,15.0,-0.00489333333333332,0.5472748205774639,-0.9508,-0.36985,0.0,0.36465000000000003,0.8344,4,5,6.0,trump,4,0.05017612826709645
399,399,399,2020-04-18,71.0,0.1548422535211267,0.4777232673725813,-0.8016,-0.1027,0.0516,0.5984,0.902,30,11,30.0,trump,4,0.06003629982274613
400,400,400,2020-04-19,35.0,0.2160857142857143,0.5068407396590681,-0.9022,0.0,0.3612,0.6588,0.8567,18,6,11.0,trump,4,0.0743892590064196
401,401,401,2020-04-20,11.0,0.3362545454545455,0.47177775353154655,-0.5267,0.0,0.4199,0.7222999999999999,0.971,6,1,4.0,trump,4,0.1100357416904023
402,402,402,2020-04-21,36.0,0.20904444444444445,0.5111029403970786,-0.9167,0.0,0.11235,0.6363,0.9558,16,6,14.0,trump,4,0.11786976946818008
403,403,403,2020-04-22,22.0,0.16155,0.43925224963513143,-0.743,0.0,0.0,0.4154,0.9675,7,2,13.0,trump,4,0.12573643613484672
404,404,404,2020-04-23,33.0,0.5036242424242424,0.35648058242201547,0.0,0.2208,0.4688,0.8214,0.9613,23,0,10.0,trump,4,0.22521540954239155
405,405,405,2020-04-24,30.0,0.3928333333333333,0.370038749446533,-0.6249,0.2714,0.40469999999999995,0.608425,0.9618,17,2,11.0,trump,4,0.28203350478048683
406,406,406,2020-04-25,27.0,0.10367037037037037,0.5755795813551193,-0.8687,-0.39105,0.0,0.6131500000000001,0.9392,11,8,8.0,trump,4,0.27472323575895025
407,407,407,2020-04-26,17.0,0.0664411764705882,0.7024786999073562,-0.8999,-0.5411,0.34,0.791,0.8999,7,8,2.0,trump,4,0.25334544464250364
408,408,408,2020-04-27,38.0,-0.11164210526315789,0.5454424079051738,-0.9011,-0.6057750000000001,-0.2616,0.396875,0.8881,11,17,10.0,trump,4,0.18936020882568888
409,409,409,2020-04-28,22.0,0.1843181818181818,0.5002052108755096,-0.854,0.0,0.1452,0.6188,0.9097,10,3,9.0,trump,4,0.18582788559336566
410,410,410,2020-04-29,21.0,0.24382857142857148,0.40436382768845325,-0.7096,0.0,0.3612,0.5461,0.6958,13,3,5.0,trump,4,0.1975819672260187
411,411,411,2020-04-30,67.0,-0.033655223880597024,0.477203532678757,-0.8858,-0.4491,0.0,0.38480000000000003,0.9325,19,19,29.0,trump,4,0.1208277577538988
412,412,412,2020-05-01,38.0,0.13133947368421053,0.46142960432883684,-0.8786,-0.127725,0.0,0.502125,0.9439,16,7,15.0,trump,5,0.08347149208973839
413,413,413,2020-05-02,40.0,0.0946575,0.5326755595455638,-0.908,-0.224875,0.0,0.525675,0.9716,16,9,15.0,trump,5,0.08218393917968549
414,414,414,2020-05-03,30.0,0.22632999999999998,0.503174093509702,-0.9227,0.0,0.25705,0.619275,0.9104,14,4,12.0,trump,5,0.10502519968388717
415,415,415,2020-05-04,11.0,0.44357272727272734,0.5333813215531813,-0.5019,0.05035,0.7035,0.83555,0.9319,7,2,2.0,trump,5,0.1843416043318708
416,416,416,2020-05-05,33.0,0.3105818181818182,0.5179286765898282,-0.9238,0.0,0.4767,0.6758,0.9211,20,3,10.0,trump,5,0.20237926666953313
417,417,417,2020-05-06,13.0,0.1578076923076923,0.49595982105666997,-0.7184,0.0,0.0258,0.5267,0.9044,6,3,4.0,trump,5,0.19009056965226465
418,418,418,2020-05-07,10.0,0.17971999999999996,0.4669973942349381,-0.6352,0.0,0.0,0.554125,0.9245,4,1,5.0,trump,5,0.22057274449234993
419,419,419,2020-05-08,12.0,0.35875000000000007,0.45644488764203006,-0.4168,0.0,0.3471,0.723075,0.9682,6,1,5.0,trump,5,0.2530599625374627
420,420,420,2020-05-09,23.0,0.23533913043478263,0.45425397255393124,-0.7177,0.0,0.0387,0.68565,0.9167,9,1,13.0,trump,5,0.2731573383138602
421,421,421,2020-05-10,109.0,-0.02130733944954128,0.4090874195052758,-0.9337,-0.296,0.0,0.296,0.8793,24,26,59.0,trump,5,0.2377805755353543
422,422,422,2020-05-11,56.0,0.014726785714285718,0.5213910364648056,-0.962,-0.386825,0.0,0.384275,0.9439,16,15,25.0,trump,5,0.17651686959843405
423,423,423,2020-05-12,53.0,0.05372075471698113,0.4753202719294768,-0.8912,-0.1531,0.0,0.3182,0.906,13,12,28.0,trump,5,0.13982243196060018
424,424,424,2020-05-13,26.0,-0.04310384615384613,0.5316446034566846,-0.91,-0.41157499999999997,0.0,0.385975,0.9471,7,8,11.0,trump,5,0.11112078360895183
425,425,425,2020-05-14,28.0,0.3339321428571429,0.47679951532846626,-0.8162,0.0,0.44045,0.7361,0.9327,15,2,11.0,trump,5,0.13315108973140083
426,426,426,2020-05-15,40.0,0.19071500000000002,0.4831079932091417,-0.8898,0.0,0.0,0.6990749999999999,0.9467,15,5,20.0,trump,5,0.10914608973140082
427,427,427,2020-05-16,61.0,0.14249180327868852,0.5211066129865948,-0.9601,-0.25,0.0644,0.6048,0.8834,26,12,23.0,trump,5,0.0958821858519588
428,428,428,2020-05-17,30.0,0.17172333333333334,0.528487074636146,-0.875,0.0,0.0,0.7603500000000001,0.926,11,4,15.0,trump,5,0.12345799624951233
429,429,429,2020-05-18,35.0,0.18417428571428573,0.46183807217201467,-0.7798,0.0,0.0,0.589,0.8748,14,5,16.0,trump,5,0.14766478196379804
430,430,430,2020-05-19,23.0,0.15242173913043477,0.5286102310058997,-0.8544,-0.0197,0.0,0.5851500000000001,0.8718,10,5,8.0,trump,5,0.16176492259429143
431,431,431,2020-05-20,53.0,0.15911320754716982,0.4989681113742239,-0.902,0.0,0.1027,0.5754,0.9476,24,9,20.0,trump,5,0.190653073123008
432,432,432,2020-05-21,24.0,0.17049583333333332,0.5529172699176509,-0.9246,0.0,0.29875,0.583175,0.9339,12,5,7.0,trump,5,0.1673050289053209
433,433,433,2020-05-22,51.0,0.2805039215686274,0.543125000699023,-0.9244,0.0,0.4389,0.76285,0.9302,28,8,15.0,trump,5,0.18013201770083911
434,434,434,2020-05-23,34.0,-0.04334117647058823,0.49829474551176495,-0.8687,-0.4018,0.0,0.377425,0.9589,9,12,13.0,trump,5,0.15358444916522812
435,435,435,2020-05-24,40.0,0.1583075,0.44226511679314173,-0.8481,-0.025675,0.0845,0.47972499999999996,0.9184,15,6,19.0,trump,5,0.15166790154618054
436,436,436,2020-05-25,45.0,0.2247377777777778,0.4980789131931574,-0.8398,0.0,0.3182,0.6114,0.924,20,7,18.0,trump,5,0.15746268612667938
437,437,437,2020-05-26,19.0,-0.05747368421052632,0.6222316019708642,-0.883,-0.62835,0.0,0.46124999999999994,0.935,5,8,6.0,trump,5,0.1274776256493992
438,438,438,2020-05-27,41.0,0.020309756097560975,0.5197985690654016,-0.9642,-0.34,0.0,0.4199,0.9323,13,10,18.0,trump,5,0.10764856115659795
439,439,439,2020-05-28,64.0,0.11774375000000001,0.5181330480830894,-0.8516,-0.2789,0.0,0.4939,0.9618,22,14,28.0,trump,5,0.10011254925183606
440,440,440,2020-05-29,18.0,0.045627777777777795,0.5399019178959382,-0.9344,-0.17702500000000002,0.0,0.575375,0.7425,6,4,8.0,trump,5,0.06655881442457183
441,441,441,2020-05-30,32.0,-0.14343125,0.5577167997015644,-0.9648,-0.5887,-0.212,0.100475,0.9376,8,11,13.0,trump,5,0.05226023249179872
442,442,442,2020-05-31,29.0,0.04737586206896551,0.503137244592916,-0.8962,-0.2942,0.0,0.4939,0.8898,9,7,13.0,trump,5,0.03641285564450807
443,443,443,2020-06-01,13.0,-0.10473076923076921,0.4106522299639428,-0.6369,-0.4588,0.0,0.0,0.792,2,4,7.0,trump,6,-0.010654079642427214
444,444,444,2020-06-02,77.0,0.1619896103896104,0.527410703987044,-0.9283,-0.1531,0.0,0.6588,0.8938,32,13,32.0,trump,6,0.020697819586163745
445,445,445,2020-06-03,56.0,0.02386428571428572,0.5163554478452614,-0.9335,-0.41964999999999997,0.0,0.501525,0.92,19,17,20.0,trump,6,0.021205609531410142
446,446,446,2020-06-04,102.0,0.08727058823529414,0.5606447233846552,-0.912,-0.41957500000000003,0.0,0.574525,0.9665,39,29,34.0,trump,6,0.01685230070788073
447,447,447,2020-06-05,153.0,0.25858366013071893,0.45180081100343034,-0.9157,0.0,0.34,0.6588,0.9879,76,17,60.0,trump,6,0.04727456961544374
448,448,448,2020-06-06,62.0,0.10948225806451611,0.5246356623454543,-0.7959,-0.32285,0.0,0.6426000000000001,0.923,23,15,24.0,trump,6,0.08340507076751748
449,449,449,2020-06-07,38.0,0.3670157894736843,0.5986043834220248,-0.8932,0.0,0.67445,0.83255,0.9752,24,8,6.0,trump,6,0.12906791753962016
450,450,450,2020-06-08,16.0,0.018975,0.6255167298588691,-0.98,-0.40954999999999997,0.0,0.6517000000000001,0.9167,5,5,6.0,trump,6,0.14674017028687292
451,451,451,2020-06-09,45.0,0.1888533333333333,0.4825214439888562,-0.8799,0.0,0.0,0.6476,0.9631,18,7,20.0,trump,6,0.15057784499311905
452,452,452,2020-06-10,19.0,0.43369473684210524,0.5349989350702633,-0.6997,0.0,0.5363,0.8499000000000001,0.9609,13,2,4.0,trump,6,0.2091250522970933
453,453,453,2020-06-11,39.0,0.29548461538461535,0.5623334034175725,-0.8073,0.0,0.49,0.7484500000000001,0.9381,23,8,8.0,trump,6,0.2388699133184249
454,454,454,2020-06-12,36.0,-0.03698055555555555,0.40707243358220624,-0.7391,-0.33872499999999994,0.0,0.08357500000000001,0.875,6,9,21.0,trump,6,0.19664645393467137
455,455,455,2020-06-13,46.0,0.18401086956521737,0.4930261549195769,-0.8827,0.0,0.0,0.653325,0.8934,19,7,20.0,trump,6,0.20729339843477157
456,456,456,2020-06-14,18.0,0.2784333333333333,0.4204899509186033,-0.8419,0.0,0.34,0.540475,0.8858,8,1,9.0,trump,6,0.19463876184329285
457,457,457,2020-06-15,10.0,0.06659999999999999,0.6551327549944871,-0.9475,-0.36075,0.148,0.5739500000000001,0.8519,4,3,3.0,trump,6,0.20144233327186428
458,458,458,2020-06-16,14.0,0.43082142857142863,0.3856633629287264,-0.3182,0.07955,0.5237499999999999,0.68445,0.9693,9,0,5.0,trump,6,0.23600920402016362
459,459,459,2020-06-17,20.0,0.24384500000000003,0.5605755787111747,-0.7678,0.0,0.23765,0.77415,0.9683,10,4,6.0,trump,6,0.20888781304272003
460,460,460,2020-06-18,50.0,0.375398,0.6667310057868547,-0.9606,0.0,0.7355,0.8671500000000001,0.9508,32,9,9.0,trump,6,0.22030401084491785
461,461,461,2020-06-19,23.0,0.2635217391304348,0.5801560197336588,-0.8746,0.0,0.4199,0.82635,0.9689,13,4,6.0,trump,6,0.2632329100857736
462,462,462,2020-06-20,26.0,-0.028665384615384617,0.5503002205649623,-0.9313,-0.6209749999999999,0.0,0.492675,0.7412,9,8,9.0,trump,6,0.23285058805997333
463,463,463,2020-06-21,7.0,0.12127142857142857,0.5469422172840739,-0.8122,0.0,0.0,0.35605000000000003,0.949,2,1,4.0,trump,6,0.2103988873797012
464,464,464,2020-06-22,25.0,0.19556800000000002,0.6671421473469253,-0.9071,-0.4199,0.2714,0.8169,0.9204,12,7,6.0,trump,6,0.2288228873797012
465,465,465,2020-06-23,30.0,0.08439666666666668,0.5731401811336254,-0.8519,-0.46144999999999997,0.0386,0.585725,0.9619,11,9,10.0,trump,6,0.17933363567902091
466,466,466,2020-06-24,11.0,-0.05023636363636359,0.7256200428223123,-0.9289,-0.6842,0.0,0.642,0.9677,4,5,2.0,trump,6,0.13732201230239752
467,467,467,2020-06-25,30.0,0.07913666666666667,0.5205595878199387,-0.7947,-0.42422499999999996,0.0,0.532575,0.9336,10,9,11.0,trump,6,0.0949989646833499
468,468,468,2020-06-26,14.0,0.08482857142857146,0.622884497786241,-0.8473,-0.5038499999999999,0.09084999999999999,0.6997249999999999,0.8398,6,5,3.0,trump,6,0.06947136929736943
469,469,469,2020-06-27,39.0,-0.029666666666666675,0.3345401748616917,-0.7769,0.0,0.0,0.0,0.7345,4,6,29.0,trump,6,0.06932832900432913
470,470,470,2020-06-28,19.0,0.06044210526315792,0.519214049540039,-0.7179,-0.35755,0.0,0.52745,0.914,6,5,8.0,trump,6,0.060638425674576175
471,471,471,2020-06-29,51.0,0.02412549019607843,0.45157179444386797,-0.8617,-0.0799,0.0,0.0,0.9785,10,10,31.0,trump,6,0.036146638559730236
472,472,472,2020-06-30,30.0,0.015020000000000004,0.45761025458729426,-0.8988,-0.275875,0.0,0.420725,0.875,9,5,16.0,trump,6,0.026235686178777855
473,473,473,2020-07-01,50.0,0.021747999999999993,0.5361294963277558,-0.7978,-0.4487,0.0,0.46144999999999997,0.9282,16,14,20.0,trump,7,0.03651916669825837
474,474,474,2020-07-02,26.0,0.10455769230769232,0.5062073916276426,-0.9047,0.0,0.0,0.46604999999999996,0.8969,11,5,10.0,trump,7,0.04015074178983346
475,475,475,2020-07-03,27.0,0.4159037037037038,0.45903554368956045,-0.7784,0.0,0.54,0.7501,0.9761,18,2,7.0,trump,7,0.08744718925770949
476,476,476,2020-07-04,73.0,0.25900547945205477,0.455112938025769,-0.8678,0.0,0.2263,0.636,0.9719,35,6,32.0,trump,7,0.1286860672746697
477,477,477,2020-07-05,11.0,0.07979090909090912,0.6647696314582149,-0.8087,-0.47195,0.0,0.65615,0.9683,4,4,3.0,trump,7,0.13145018210720558
478,478,478,2020-07-06,22.0,-0.25132727272727273,0.4723840922907445,-0.9118,-0.620375,-0.1656,0.0,0.6168,2,10,10.0,trump,7,0.09209978740386969
479,479,479,2020-07-07,9.0,0.12532222222222222,0.561312869035126,-0.7579,0.0,0.0,0.5267,0.8666,4,2,3.0,trump,7,0.10785724772133
480,480,480,2020-07-08,11.0,0.18409090909090908,0.5626088898240864,-0.636,-0.166,0.0,0.6998,0.8456,5,2,4.0,trump,7,0.13104909187717415
481,481,481,2020-07-09,24.0,-0.10101250000000002,0.5635097964601163,-0.8405,-0.619375,0.0,0.375175,0.7377,6,10,8.0,trump,7,0.10168192154750381
482,482,482,2020-07-10,21.0,0.09064761904761905,0.5641308851845002,-0.9508,-0.3063,0.0,0.636,0.9484,8,5,8.0,trump,7,0.05521676659663458
483,483,483,2020-07-11,46.0,-0.05390434782608697,0.5292881273545196,-0.9001,-0.4404,-0.0129,0.396475,0.8221,14,16,16.0,trump,7,0.010515362699757185
484,484,484,2020-07-12,18.0,0.05268888888888889,0.5423748355355568,-0.9098,0.0,0.0,0.36400000000000005,0.9712,5,4,9.0,trump,7,0.00664364552804001
485,485,485,2020-07-13,21.0,0.1696095238095238,0.5331392865891257,-0.868,0.0,0.0,0.5859,0.9258,9,3,9.0,trump,7,0.06677747360472523
486,486,486,2020-07-14,23.0,0.15223478260869563,0.4383661178519987,-0.6249,0.0,0.0,0.57375,0.8564,7,3,13.0,trump,7,0.07062212508850715
487,487,487,2020-07-15,31.0,0.155583870967742,0.5654189644837264,-0.8516,-0.32745,0.0,0.6171,0.9825,14,6,11.0,trump,7,0.06654969107091187
488,488,488,2020-07-16,12.0,0.24910833333333335,0.5336094050866886,-0.5994,-0.08455,0.1806,0.731075,0.9399,6,1,5.0,trump,7,0.11656695297567378
489,489,489,2020-07-17,24.0,-0.14868333333333333,0.5055386328218273,-0.9493,-0.5802,0.0,0.032,0.9267,4,9,11.0,trump,7,0.08237681692125201
490,490,490,2020-07-18,50.0,-0.013135999999999997,0.42578087962361727,-0.8481,-0.08992499999999999,0.0,0.096325,0.8689,9,10,31.0,trump,7,0.08820086661069301
491,491,491,2020-07-19,14.0,-0.11974285714285715,0.5035105082003074,-0.6801,-0.6172,-0.148,0.25265000000000004,0.729,2,6,6.0,trump,7,0.06356776003472929
492,492,492,2020-07-20,3.0,0.7230333333333333,0.21459483529044526,0.4753,0.65875,0.8422,0.8469,0.8516,3,0,0.0,trump,7,0.14262830425241638
493,493,493,2020-07-21,9.0,0.3023222222222222,0.4154000023404483,-0.5271,0.0,0.4215,0.5983,0.8264,5,1,3.0,trump,7,0.16406936705434874
494,494,494,2020-07-22,16.0,0.14304999999999998,0.5339310991754148,-0.8126,0.0,0.11495,0.57115,0.8916,7,3,6.0,trump,7,0.16227881405895703
495,495,495,2020-07-23,55.0,-0.01464545454545455,0.42902354714716295,-0.8885,-0.35914999999999997,0.0,0.35950000000000004,0.947,15,14,26.0,trump,7,0.12459970150484445
496,496,496,2020-07-24,16.0,0.30694375,0.5266175461929969,-0.9183,0.0,0.31095,0.691975,0.9643,8,1,7.0,trump,7,0.18968928483817776
497,497,497,2020-07-25,25.0,0.314048,0.516962843700267,-0.6124,-0.2201,0.4215,0.8283,0.9454,14,2,9.0,trump,7,0.2364298562667492
498,498,498,2020-07-26,26.0,-0.1275192307692308,0.520302096877751,-0.9169,-0.5906750000000001,-0.05135,0.311825,0.8236,6,10,10.0,trump,7,0.2353189457486958
499,499,499,2020-07-27,84.0,0.08393690476190477,0.4839584694866848,-0.9636,-0.09617500000000001,0.0,0.4939,0.9413,27,19,38.0,trump,7,0.14401945595277743
500,500,500,2020-07-28,39.0,-0.04682307692307693,0.46625946778113425,-0.8858,-0.39025,0.0,0.31070000000000003,0.7647,10,12,17.0,trump,7,0.09414155607487754
501,501,501,2020-07-29,51.0,0.09855098039215686,0.5251055548639908,-0.8943,-0.12415000000000001,0.0,0.59865,0.9306,15,10,26.0,trump,7,0.08778455327375709
502,502,502,2020-07-30,17.0,0.1691705882352941,0.6523991136228515,-0.774,-0.4389,0.0,0.8695,0.9781,7,5,5.0,trump,7,0.11404398795672117
503,503,503,2020-07-31,15.0,0.09076000000000001,0.6579336840225074,-0.9067,-0.42579999999999996,0.0,0.59685,0.9642,7,5,3.0,trump,7,0.08316059509957831
504,504,504,2020-08-01,17.0,0.22041764705882352,0.4937863900960796,-0.8087,0.0,0.296,0.4939,0.9736,7,2,8.0,trump,8,0.06978483039369596
505,505,505,2020-08-02,78.0,0.09696666666666669,0.5388400723310985,-0.974,-0.30694999999999995,0.0,0.5946750000000001,0.9312,28,18,32.0,trump,8,0.10185424431310987
506,506,506,2020-08-03,27.0,-0.051825925925925935,0.5014085479868706,-0.854,-0.47485,0.0,0.3218,0.8442,7,8,12.0,trump,8,0.08245955421484834
507,507,507,2020-08-04,32.0,0.201834375,0.4106050269237831,-0.6249,0.0,0.0644,0.6249,0.9821,11,3,18.0,trump,8,0.11798204734671648
508,508,508,2020-08-05,22.0,0.10350000000000001,0.5194418698858191,-0.7896,0.0,0.0,0.5411,0.9587,8,5,9.0,trump,8,0.11868905014783694
509,509,509,2020-08-06,36.0,0.08579166666666665,0.4891543281886754,-0.9431,-0.14047500000000002,0.0,0.5052,0.9678,11,7,18.0,trump,8,0.10677777563803303
510,510,510,2020-08-07,26.0,-0.025049999999999996,0.46215347515733346,-0.8356,-0.26605,0.0,0.171925,0.9752,6,6,14.0,trump,8,0.09023348992374733
511,511,511,2020-08-08,14.0,-0.05568571428571428,0.3326502225302886,-0.8283,-0.0772,0.0,0.0,0.5574,2,2,10.0,trump,8,0.05079015258881335
512,512,512,2020-08-09,8.0,0.12738750000000001,0.40921200735594954,-0.516,-0.038275,0.0258,0.36212500000000003,0.7345,2,1,5.0,trump,8,0.05513598592214668
513,513,513,2020-08-10,26.0,0.3525307692307692,0.49545648912430706,-0.8689,0.0,0.5333,0.6966749999999999,0.9641,17,3,6.0,trump,8,0.11290122808738882
514,514,514,2020-08-11,12.0,0.2639416666666667,0.47727404069804846,-0.5562,0.0,0.10935,0.621675,0.9391,5,1,6.0,trump,8,0.12177369832548408
515,515,515,2020-08-12,27.0,0.6632222222222223,0.43910660466042895,-0.8176,0.6688000000000001,0.8353,0.9381999999999999,0.9642,22,1,4.0,trump,8,0.20173401578580158
516,516,516,2020-08-13,26.0,0.24068461538461536,0.4880565587653199,-0.8217,0.0,0.0,0.657075,0.9684,10,2,14.0,trump,8,0.22386157988836566
517,517,517,2020-08-14,89.0,0.21698539325842695,0.5219367546043734,-0.8537,-0.0258,0.3071,0.6761,0.9685,44,17,28.0,trump,8,0.25843806463956953
518,518,518,2020-08-15,43.0,0.013290697674418615,0.5777059990514015,-0.8398,-0.5476,0.0,0.5417000000000001,0.9879,15,16,12.0,trump,8,0.2682918377767314
519,519,519,2020-08-16,28.0,0.37955000000000005,0.4307114188134513,-0.6588,0.0,0.43015000000000003,0.7332749999999999,0.9534,17,2,9.0,trump,8,0.3043150520624457
520,520,520,2020-08-17,40.0,0.10386500000000001,0.48005935185942616,-0.909,0.0,0.07555,0.431875,0.8987,13,7,20.0,trump,8,0.26879137074376436
521,521,521,2020-08-18,51.0,-0.0722372549019608,0.5370142638555458,-0.9545,-0.51805,0.0,0.3482,0.9001,13,21,17.0,trump,8,0.22076581051967473
522,522,522,2020-08-19,44.0,0.16961818181818186,0.41114106857182825,-0.7964,0.0,0.0,0.409825,0.8883,13,4,27.0,trump,8,0.15025094760481178
523,523,523,2020-08-20,41.0,0.06022439024390244,0.5301600780804265,-0.9602,-0.296,0.0,0.5461,0.937,16,10,15.0,trump,8,0.12447091544185278
524,524,524,2020-08-21,16.0,0.254175,0.4663678612426032,-0.6399,0.0,0.23835,0.5461,0.8932,8,1,7.0,trump,8,0.12978371640493466
525,525,525,2020-08-22,18.0,-0.11999444444444442,0.5801205477892679,-0.9336,-0.5255,-0.27865,0.438375,0.9403,5,9,4.0,trump,8,0.11074298181652566
526,526,526,2020-08-23,13.0,-0.09209999999999997,0.6133451067710576,-0.9006,-0.6239,-0.2481,0.4532,0.8478,4,5,4.0,trump,8,0.04336441038795423
527,527,527,2020-08-24,21.0,0.07560952380952382,0.46414819174996463,-0.8875,-0.1779,0.0,0.3595,0.7689,6,3,12.0,trump,8,0.03932791378931477
528,528,528,2020-08-25,52.0,0.07817692307692307,0.38561087295273,-0.9591,0.0,0.0,0.0,0.92,9,4,39.0,trump,8,0.0608156535005839
529,529,529,2020-08-26,45.0,0.032871111111111115,0.12200316803305153,-0.1759,0.0,0.0,0.0,0.4215,3,0,42.0,trump,8,0.04128035768528809
530,530,530,2020-08-27,45.0,-0.015244444444444442,0.21396833087202796,-0.8588,0.0,0.0,0.0,0.6696,2,3,40.0,trump,8,0.030499095586952817
531,531,531,2020-08-28,37.0,0.11583783783783783,0.28887732820481216,-0.4753,0.0,0.0,0.0,0.8553,6,1,30.0,trump,8,0.01073664384950108
532,532,532,2020-08-29,50.0,0.25311000000000006,0.4656255297764415,-0.6625,0.0,0.39105,0.6669,0.9136,27,9,14.0,trump,8,0.064037278770136
533,533,533,2020-08-30,119.0,0.034972268907563026,0.46569933504907157,-0.8687,-0.28715,0.0,0.4099,0.8622,34,28,57.0,trump,8,0.08219046004264499
534,534,534,2020-08-31,18.0,-0.18149444444444449,0.5587487612537627,-0.9311,-0.7661000000000001,0.0,0.0,0.9601,3,6,9.0,trump,8,0.045461321720649525
535,535,535,2020-09-01,46.0,0.13749130434782605,0.4685194613892608,-0.7717,-0.0207,0.0769,0.501775,0.9361,18,9,19.0,trump,9,0.053934804759349954
536,536,536,2020-09-02,43.0,0.062283720930232565,0.5348431972840855,-0.9485,-0.3397,0.0,0.5364,0.8893,16,11,16.0,trump,9,0.058136606162081585
537,537,537,2020-09-03,27.0,0.23468148148148146,0.5824492860307418,-0.9531,0.0,0.4404,0.68235,0.9424,16,5,6.0,trump,9,0.09384030986578527
538,538,538,2020-09-04,23.0,0.18859565217391303,0.653750569252845,-0.956,0.0,0.0,0.77735,0.923,11,5,7.0,trump,9,0.10423428334236744
539,539,539,2020-09-05,68.0,0.04463235294117646,0.5095499730714032,-0.9164,-0.360375,0.0,0.47342500000000004,0.8697,25,17,26.0,trump,9,0.07445176233396408
540,540,540,2020-09-06,45.0,0.15855111111111111,0.47312295375910207,-0.9592,0.0,0.0,0.5307,0.9199,17,7,21.0,trump,9,0.09210588264875666
541,541,541,2020-09-07,52.0,-0.06685576923076922,0.4438806403834704,-0.891,-0.30832499999999996,0.0,0.0261,0.9833,11,12,29.0,trump,9,0.10848283625071029
542,542,542,2020-09-08,109.0,-0.019823853211009167,0.4862889093066435,-0.9515,-0.4019,0.0,0.4199,0.9436,31,31,47.0,trump,9,0.08600924231373382
543,543,543,2020-09-09,65.0,0.30352769230769233,0.5430140495154374,-0.9214,0.0,0.4939,0.7783,0.9444,37,10,18.0,trump,9,0.12047266679622806
544,544,544,2020-09-10,62.0,0.08120967741935484,0.5604543776374745,-0.9432,-0.1069,0.0,0.553625,0.9334,24,14,24.0,trump,9,0.0985481233587814
545,545,545,2020-09-11,27.0,0.1818888888888889,0.5264236903814947,-0.9134,0.0,0.0,0.65745,0.9585,10,4,13.0,trump,9,0.09759001431806366
546,546,546,2020-09-12,42.0,0.16118809523809524,0.5259513768690313,-0.9571,-0.1875,0.3524,0.5963,0.8697,21,8,13.0,trump,9,0.11424083464619492
547,547,547,2020-09-13,34.0,-0.035847058823529426,0.5423272931264618,-0.9558,-0.261,0.0,0.2291,0.9624,8,8,18.0,trump,9,0.08646966751267483
548,548,548,2020-09-14,109.0,-0.01911009174311926,0.46809455299689384,-0.9168,-0.3818,0.0,0.2263,0.9501,24,29,56.0,trump,9,0.0932904785823391
549,549,549,2020-09-15,26.0,0.26030384615384616,0.5359834859252806,-0.9829,0.0,0.33575,0.7170000000000001,0.9453,13,3,10.0,trump,9,0.13330872134874702
550,550,550,2020-09-16,35.0,0.15315714285714288,0.5364389364326646,-0.8608,-0.1357,0.0,0.54925,0.9657,16,8,11.0,trump,9,0.1118272142843828
551,551,551,2020-09-17,31.0,-0.031177419354838695,0.5472449504622694,-0.895,-0.36615,0.0,0.3559,0.982,8,8,15.0,trump,9,0.09577191474521231
552,552,552,2020-09-18,42.0,0.2992642857142857,0.648458892324597,-0.9313,-0.029025,0.57785,0.777175,0.9661,27,9,6.0,trump,9,0.11253982857741185
553,553,553,2020-09-19,8.0,0.675375,0.18215458701726006,0.4199,0.5301750000000001,0.7084999999999999,0.7920499999999999,0.9506,8,0,0.0,trump,9,0.18599510068625538
554,554,554,2020-09-20,43.0,0.2514232558139535,0.4483856502510446,-0.6932,0.0,0.1511,0.6371500000000001,0.9441,21,6,16.0,trump,9,0.22703371706303863
555,555,555,2020-09-21,21.0,0.3608857142857143,0.41304537557720494,-0.5562,0.0,0.4678,0.6588,0.9049,14,1,6.0,trump,9,0.28131883221001486
556,556,556,2020-09-22,45.0,0.33960666666666667,0.41260118395370604,-0.8668,0.0,0.5267,0.636,0.9484,26,3,16.0,trump,9,0.2926478065689892
557,557,557,2020-09-23,48.0,0.4224354166666667,0.4497335535008518,-0.8816,0.0,0.5357,0.8185749999999999,0.9809,29,2,17.0,trump,9,0.3311161313989212
558,558,558,2020-09-24,23.0,0.39583913043478264,0.4198369886462758,-0.6177,0.0,0.4199,0.8356,0.9649,15,1,7.0,trump,9,0.3921184956545814
559,559,559,2020-09-25,84.0,0.10128690476190474,0.48248034875514084,-0.8957,0.0,0.0,0.514625,0.9477,29,14,41.0,trump,9,0.36383601266138416
560,560,560,2020-09-26,11.0,0.18484545454545456,0.30957267115698817,0.0,0.0,0.0,0.273,0.9412,2,0,9.0,trump,9,0.2937603633107349
561,561,561,2020-09-27,46.0,0.45693695652173916,0.44683090132805553,-0.7268,0.0,0.5882000000000001,0.7679250000000001,0.9719,31,3,12.0,trump,9,0.32311946341184716
562,562,562,2020-09-28,16.0,-0.003950000000000002,0.4736243560741642,-0.6739,-0.33799999999999997,0.0,0.1647,0.7444,4,4,8.0,trump,9,0.2710000756567451
563,563,563,2020-09-29,37.0,0.11747837837837838,0.4568806306144206,-0.9115,0.0,0.0,0.3382,0.9583,9,6,22.0,trump,9,0.23926746304413246
564,564,564,2020-09-30,95.0,-0.01648842105263158,0.4300785158062638,-0.8389,-0.36024999999999996,0.0,0.1494,0.8928,20,24,51.0,trump,9,0.1765640576556613
565,565,565,2020-10-01,60.0,-0.09823500000000002,0.4692424052192344,-0.9402,-0.41612499999999997,0.0,0.05085,0.8439,13,21,26.0,trump,10,0.10598203902212092
566,566,566,2020-10-02,3.0,0.35936666666666667,0.31681045332080404,0.0,0.2399,0.4798,0.53905,0.5983,2,0,1.0,trump,10,0.1428505764370869
567,567,567,2020-10-03,4.0,0.649475,0.4344848856212761,0.0,0.6177,0.8430500000000001,0.8748250000000001,0.9118,3,0,1.0,trump,10,0.20922622578773625
568,568,568,2020-10-04,9.0,0.36631111111111114,0.3883358161580143,-0.0258,0.0,0.4199,0.6369,0.9314,5,0,4.0,trump,10,0.1962796764433608
569,569,569,2020-10-05,31.0,0.2780612903225807,0.47878781708074636,-0.795,0.0,0.4404,0.61025,0.9448,17,3,11.0,trump,10,0.2365670036323009
570,570,570,2020-10-06,23.0,0.33519565217391306,0.4316847476386831,-0.6588,0.0,0.3847,0.6788000000000001,0.9415,13,2,8.0,trump,10,0.2676694713173773
571,571,571,2020-10-07,104.0,0.016954807692307693,0.48237669300790664,-0.9131,-0.3106,0.0,0.4203,0.95,31,23,50.0,trump,10,0.27244707542379715
572,572,572,2020-10-08,44.0,0.0007090909090909067,0.4906672380749347,-0.9199,-0.3016,0.0,0.31279999999999997,0.9336,11,10,23.0,trump,10,0.2865819455536673
573,573,573,2020-10-09,37.0,0.11419459459459458,0.47677210485720534,-0.8762,0.0,0.0,0.5229,0.8953,14,7,16.0,trump,10,0.2515573638290856
574,574,574,2020-10-10,9.0,0.04066666666666669,0.6868653616248238,-0.8865,-0.5423,0.0,0.6229,0.9508,3,3,3.0,trump,10,0.16458474478146654
575,575,575,2020-10-11,29.0,0.14061034482758622,0.5461892047534102,-0.902,0.0,0.0,0.6333,0.9334,11,6,12.0,trump,10,0.13234177816953438
576,576,576,2020-10-12,109.0,0.039525688073394495,0.5310947725991672,-0.8775,-0.4184,0.0,0.5411,0.9611,37,31,41.0,trump,10,0.0982652635625078
577,577,577,2020-10-13,91.0,0.1097879120879121,0.507677647032744,-0.9658,-0.296,0.0,0.5229,0.9677,39,21,31.0,trump,10,0.06606415783593624
578,578,578,2020-10-14,30.0,0.21973000000000004,0.47500930818465964,-0.765,0.0,0.11475,0.6464500000000001,0.9796,13,4,13.0,trump,10,0.09503204245132084
579,579,579,2020-10-15,60.0,0.09417,0.5220965315315629,-0.9497,-0.1885,0.0,0.54235,0.9876,22,11,27.0,trump,10,0.10838360089287928
580,580,580,2020-10-16,78.0,0.26539102564102574,0.48757258965015166,-0.9695,0.0,0.4199,0.6656250000000001,0.9374,43,11,24.0,trump,10,0.12998309104236944
581,581,581,2020-10-17,41.0,0.23845853658536584,0.4164416195432499,-0.6249,0.0,0.0,0.6588,0.9503,16,2,23.0,trump,10,0.15823907245932647
582,582,582,2020-10-18,40.0,0.12108250000000002,0.3963071923540355,-0.5562,0.0,0.0,0.481,0.9419,12,5,23.0,trump,10,0.15544938034109987
583,583,583,2020-10-19,27.0,0.2339222222222222,0.5937414131092976,-0.9152,0.0,0.5282,0.76155,0.9293,14,5,8.0,trump,10,0.18322031379093237
584,584,584,2020-10-20,8.0,-0.019200000000000023,0.5393337742066595,-0.6197,-0.445225,0.0,0.135275,0.9197,2,3,3.0,trump,10,0.1647934692069449
585,585,585,2020-10-21,37.0,0.23263513513513515,0.5295614517987797,-0.8883,0.0,0.2003,0.7563,0.9114,17,6,14.0,trump,10,0.16663705994053565
586,586,586,2020-10-22,26.0,0.1332692307692308,0.6211522362636913,-0.8883,-0.41915,0.1511,0.6894,0.9566,12,7,7.0,trump,10,0.17222266433614003
587,587,587,2020-10-23,48.0,0.1722,0.4573401006467446,-0.9476,0.0,0.0,0.5497,0.9762,18,7,23.0,trump,10,0.15890966067313636
588,588,588,2020-10-24,49.0,0.15139795918367346,0.4972173135267398,-0.7644,0.0,0.0,0.5229,0.8918,19,8,22.0,trump,10,0.14647243533003745
